core_id,record_id,system_alias,task_category,a_level,a_level_reason,e_level,e_level_reason,evidence_object,external_evidence_profile,artifact_available,version_reported,environment_reported,external_confirmation_reported,note
C01,CP014,UniFuzz,待精读填写,A3,包含Code Analysis Agent、Input Generation Agent、Feedback Agent，分别负责分析、策略生成和执行反馈/种群演化。,E2,智能合约漏洞检测、专家验证、ground-truth漏洞、覆盖率。; 不能声称UniFuzz在所有漏洞类型上优于CrossFuzz；不能把覆盖率提升等同真实漏洞全面提升。,????,NA,论文称提供open-source implementation；需同学B核验仓库链接和复现脚本。,NA,SoliAudit 348个智能合约；Etherscan 503个生产合约。,中高：包含Etherscan生产合约，但漏洞确认依赖专家验证和工具报告。,不能声称UniFuzz在所有漏洞类型上优于CrossFuzz；不能把覆盖率提升等同真实漏洞全面提升。; manual_check: version/artifact/environment fields require paper-level audit before public release
C02,CP015,ReForge,待精读填写,A3,包含AI-ExploitGen和AI-Analyzer两个LLM驱动组件，并通过MCP服务器协调候选exploit生成、验证、反馈和报告。,E3,crash reproduction、Python PoC、exploit replay、漏洞报告。; 不能声称其发现所有漏洞或生成真实攻击链；不能直接采信168x速度提升而不说明实验设置。,????,NA,论文给出GitHub：https://github.com/Sohan245/ReForge；需同学B核验。,NA,C/C++目标，包括CVE-2019-13288 XPDF、buffer overflow、command injection、reverse shell等。,中：含CVE和自构造C/C++目标；评估规模较小。,不能声称其发现所有漏洞或生成真实攻击链；不能直接采信168x速度提升而不说明实验设置。; manual_check: version/artifact/environment fields require paper-level audit before public release
C03,CP025,Multi-Agent Collaborative Smart Contract Fuzzing,待精读填写,A4,多Agent团队按RCC分解任务，从全局和局部视角生成与修正transaction sequences。,E2,智能合约漏洞触发交易序列、runtime signals、DApp漏洞位置和严重度。; 不能把预印本结果作为稳定事实；不能声称coverage越高必然漏洞更多，论文自身也强调这一点。,????,NA,待同学B核验是否开源、DApp列表和复现脚本。,NA,真实智能合约、DApp项目、与Oyente/Mythril/sFuzz/ConFuzzius/Smartian/MuFuzz比较。,中高：包含真实合约和DApp项目；但为预印本，结果需复核。,不能把预印本结果作为稳定事实；不能声称coverage越高必然漏洞更多，论文自身也强调这一点。; manual_check: version/artifact/environment fields require paper-level audit before public release
C04,CP061,FuzzingBrain,待精读填写,A3--A5,系统以CRS协调器和多个Worker服务组织任务，包含23种LLM策略、PoV生成与补丁生成。,E3,PoV、sanitizer触发、补丁验证、未知漏洞报告。; 不能把团队自报的AIxCC结果当作独立可复现实验结论；不能等同一般场景下自动修复可靠。,????,NA,论文给出GitHub仓库：github.com/o2lab/afc-crs-all-you-need-is-a-fuzzing-brain；需同学B核验。,NA,DARPA AIxCC任务与真实开源C/Java项目；具体任务集需复核。,中高：AIxCC真实开源项目与竞赛环境，但论文为团队报告。,不能把团队自报的AIxCC结果当作独立可复现实验结论；不能等同一般场景下自动修复可靠。; manual_check: version/artifact/environment fields require paper-level audit before public release
C05,CP066,Mut4All,Fuzzing/bug discovery；安全漏洞相关性待复核,A3,系统由三个专门LLM agent组成，分别负责从bug报告抽取mutation idea、合成mutator实现，并依据单元测试反馈修正mutator。,E2,compiler crash/hang、differential bug、confirmed/fixed bug；是否CVE或安全漏洞需复核。; 不能声称其发现了96个安全漏洞或CVE；不能把编译器bug直接等同于漏洞挖掘成功。,????,NA,论文给出artifact：https://github.com/sososopy/Mut4All-Artifacts；需同学B复核可访问性。,NA,1000个bug报告：500 Rust与500 C++；编译器目标包括rustc、gccrs、GCC、Clang。,高：生产级编译器和真实bug报告；但安全漏洞属性中等偏弱。,不能声称其发现了96个安全漏洞或CVE；不能把编译器bug直接等同于漏洞挖掘成功。; manual_check: version/artifact/environment fields require paper-level audit before public release
C06,CP068,LLAMA,智能合约fuzzing与漏洞检测,A3,LLAMA使用层次化prompt生成上下文感知多交易seed，并在coverage stagnation时异步调用LLM进行semantic reseeding。,E2,已知漏洞检测；真实部署合约bug instance；案例为repeated withdrawal vulnerability。; 不能把132/148已知漏洞检测写成新漏洞发现；真实部署合约114 bug instances需注明是论文报告而非独立复现。,????,NA,待同学B核验；全文未在摘录中看到明确公开artifact声明。,NA,多组智能合约benchmark；Dataset 4含真实部署合约抽样100个。,中高：含真实部署合约抽样，但主要指标仍包含benchmark已知漏洞。,不能把132/148已知漏洞检测写成新漏洞发现；真实部署合约114 bug instances需注明是论文报告而非独立复现。; manual_check: version/artifact/environment fields require paper-level audit before public release
C07,CP071,ProtocolGuard,待精读填写,A3,LLM参与规则相关变量识别、切片标准生成、不一致检测、assertion生成和测试输入脚本生成；更像工具增强式agent流程。,E4a,协议非合规bug、assertion failure、PoC测试用例、开发者确认/修复。; 不能把ProtocolGuard写成通用自动渗透Agent；不能忽略它针对非合规逻辑错误而非内存安全crash。,????,E4a,论文给出Zenodo和GitHub：https://github.com/songxpu/ProtocolGuard；需同学B核验。,NA,11个真实协议实现，覆盖6类网络协议；附加artifact包含规则抽取、切片和动态验证组件。,很高：真实协议实现、156个previously unknown bugs、70个确认、17个修复。,不能把ProtocolGuard写成通用自动渗透Agent；不能忽略它针对非合规逻辑错误而非内存安全crash。; manual_check: version/artifact/environment fields require paper-level audit before public release
C08,CP072,BSFuzzer,BLE协议逻辑漏洞检测与验证,A3,LLM agent解析规范中的文本、图和上下文以抽取状态机与包语义，并用于验证实际响应是否偏离预期行为。,E4a,真实设备bug、previously unknown bugs、CVE、bug bounty、memory corruption/state/inconsistency bugs。; 不能声称完全自动且零人工；不能把LLM验证结果等同于无需人工复核的最终漏洞确认。,????,E4a,论文声明公开：BSFuzzer is publicly available at GitHub；具体URL需同学B核验。,NA,19个真实BLE设备：9个SoC模块和10部智能手机。,高：真实BLE设备、CVE和厂商bug bounty。,不能声称完全自动且零人工；不能把LLM验证结果等同于无需人工复核的最终漏洞确认。; manual_check: version/artifact/environment fields require paper-level audit before public release
C09,CP074,RFCAUDIT,待精读填写,A2,包含indexing agent和detection agent；detection agent执行localize、detect、retrieve、validate等步骤，并使用self-critique降低幻觉。,E4a,RFC非合规功能bug、开发者确认/修复、真实协议实现缺陷。; 不能声称RFCAUDIT动态触发所有漏洞；不能把confirmed/fixed之外的报告都当最终真漏洞。,????,E4a,论文给出artifact：https://github.com/zmw12306/RFCAudit；需同学B核验。,NA,6个真实网络协议实现；附加评估aws-c-http和Linux TCP/IP stack。,很高：FRRouting、aws-c-http、Linux TCP/IP等真实代码库与开发者确认。,不能声称RFCAUDIT动态触发所有漏洞；不能把confirmed/fixed之外的报告都当最终真漏洞。; manual_check: version/artifact/environment fields require paper-level audit before public release
C10,CP075,VulAgent,软件漏洞检测、敏感代码定位、漏洞假设验证。,A1--A2,多视角专门agent协作，后续用假设条件和触发路径做验证。,E0,prediction/检测报告；没有PoC或真实CVE发现作为主要证据。; 不能声称VulAgent已完成真实漏洞挖掘或exploit验证。,????,NA,待同学B核验；当前全文未确认artifact链接。,NA,PrimeVul、SVEN。,中：公开数据集与项目上下文，非真实环境漏洞挖掘闭环。,不能声称VulAgent已完成真实漏洞挖掘或exploit验证。; manual_check: version/artifact/environment fields require paper-level audit before public release
C11,CP076,MALF,待精读填写,A4,多Agent分别负责协议分析、种子生成、变异、反馈分析和实时优化，并结合RAG和QLoRA提升协议一致性。,E4a,已知CVE重发现、zero-day、CNVD确认、PLC DoS/模块停机/明文未验证协议问题。; 不能把三处zero-day写成已全部公开确认；只能明确一处声称CNVD确认，其他标待复核。,????,E4a,论文称Data available on request；需同学B核验是否有代码、数据和CNVD链接。,NA,Modbus/TCP、S7Comm、Ethernet/IP；真实电厂工控攻防靶场；三轮24小时fuzzing。,高但需严核：声称真实PLC和CNVD-2024-16009；数据按需提供，复现性不明。,不能把三处zero-day写成已全部公开确认；只能明确一处声称CNVD确认，其他标待复核。; manual_check: version/artifact/environment fields require paper-level audit before public release
C12,CP077,NeTestLLM,待精读填写,A4,包含高层协议理解Agent、低层建模Agent、生成Agent、任务专用子Agent、fault corrector、summarizer、orchestrator等。,E2,历史bug覆盖、协议测试用例、运行日志与artifact验证；不是新漏洞发现为主。; 不能写成发现了41个新漏洞；41是历史FRRouting bug覆盖。,????,NA,待同学B核验是否开源、测试用例和artifact是否可复现。,NA,OSPF、RIP、BGP；4632个测试用例；FRRouting历史bug覆盖；专家用户研究。,中高：生产环境部署数月，真实协议和FRRouting历史bug；但预印本且缺少新漏洞确认。,不能写成发现了41个新漏洞；41是历史FRRouting bug覆盖。; manual_check: version/artifact/environment fields require paper-level audit before public release
C13,CP078,PBFuzz,PoV generation、directed fuzzing、漏洞复现/验证。,A3--A5,agent执行代码分析、计划、工具编排、自我反思、记忆管理和反馈驱动修正。,E3,PoV、sanitizer/trigger pattern、benchmark CVE触发。; 不要声称其发现真实新漏洞；应表述为PoV生成和已知漏洞触发。,????,NA,待同学B核验；全文含workflow和prompt模板。,NA,Magma benchmark。,中高：Magma真实漏洞benchmark，但不是新漏洞披露。,不要声称其发现真实新漏洞；应表述为PoV生成和已知漏洞触发。; manual_check: version/artifact/environment fields require paper-level audit before public release
C14,CP080,Co-RedTeam,待精读填写,A4,明确包含orchestrator、Analysis/Critique、Planner/Execution/Evaluation等多Agent角色，并使用长期记忆和迭代推理。,E1,benchmark中的exploit/执行成功/漏洞发现证据；真实世界外推需谨慎。; 不能声称该系统已被同行评审证明优于所有渗透测试Agent；不能把benchmark成功等同真实攻防全自动化。,????,NA,待同学B核验代码、数据和运行脚本。,NA,报告使用CyBench、BountyBench、CyberGym。,使用真实环境benchmark，但仍以基准测试任务为主。,不能声称该系统已被同行评审证明优于所有渗透测试Agent；不能把benchmark成功等同真实攻防全自动化。; manual_check: version/artifact/environment fields require paper-level audit before public release
C15,CP081,Real-world Pentest Agent Study,待精读填写,A4,讨论规划、状态管理、任务难度估计、攻击树搜索、记忆和工具层，是Agent能力设计论文。,E1,CTF/靶机攻破、主机控制、攻击路径完成；不等同零日漏洞挖掘。; 不能把靶场成功率写成真实企业网络渗透能力；不能忽视预印本状态。,????,NA,待同学B核验仓库、匿名链接、工具配置。,NA,报告使用CTF、HackTheBox/VulnHub、GOAD等环境；具体配置需复核。,包含贴近真实的靶场与AD环境，但仍是受控评估。,不能把靶场成功率写成真实企业网络渗透能力；不能忽视预印本状态。; manual_check: version/artifact/environment fields require paper-level audit before public release
C16,CP082,LLMVD.js,Node.js包漏洞检测、PoC生成与确认,A3,LLMVD.js是multi-stage agent pipeline，可扫描代码、提出漏洞、生成PoC exploit，并通过lightweight execution oracle验证。,E3,PoC exploit、execution oracle validated exploit、reported vulnerabilities、maintainer acknowledgments。; 不能把36个validated exploits都写成已公开确认CVE；不能称其无需任何人工复核。,????,NA,待同学B核验代码、数据和PoC可得性；敏感PoC可能不公开。,NA,SecBench.js、VulcaN、private real-world dataset、260个近期npm包。,中高：含公开benchmark和近期npm包；36个未记录漏洞仅3个维护者确认，需谨慎。,不能把36个validated exploits都写成已公开确认CVE；不能称其无需任何人工复核。; manual_check: version/artifact/environment fields require paper-level audit before public release
C17,CP083,Multi-Agent Harnesses,多agent漏洞发现harness优化；真实软件漏洞发现,A4--A5,AgentFlow用typed graph DSL搜索agent角色、prompt、工具绑定、通信拓扑和协调协议，并用runtime feedback诊断失败后改写harness。,E3,vendor-confirmed zero-day、CVE、sanitizer crash、PoC/reproducer；但需独立核验。; 在独立核验前不能把10个Chrome zero-day当成确定事实写入正文；只能写“论文报告”。,????,NA,论文声明开源https://github.com/berabuddies/agentflow；Chrome PoC/配置因披露限制不公开。,NA,TerminalBench-2；Google Chrome campaign。,很高但待核验：论文声称10个Chrome zero-day和2个Critical sandbox-escape CVE。,在独立核验前不能把10个Chrome zero-day当成确定事实写入正文；只能写“论文报告”。; manual_check: version/artifact/environment fields require paper-level audit before public release
C18,CP084,PentestAgent,待精读填写,A4,不同Agent分别承担情报收集、漏洞分析、利用等任务，形成协作式工作流。,E1,已知漏洞环境利用、CTF机器攻破、利用成功率。; 不能声称其解决真实世界开放环境渗透测试；需要区分已知漏洞利用与漏洞挖掘。,????,NA,论文给出GitHub仓库：https://github.com/nbshenxm/pentest-agent；需同学B确认可复现性。,NA,VulHub Docker漏洞环境与HackTheBox CTF挑战。,VulHub和HTB具有实践意义，但仍以已知漏洞和靶场为主。,不能声称其解决真实世界开放环境渗透测试；需要区分已知漏洞利用与漏洞挖掘。; manual_check: version/artifact/environment fields require paper-level audit before public release
C19,CP085,LIVA,IoT固件taint-style漏洞检测,A2,LIVA包含taint propagation agent和vulnerability inference agent，结合LLM语义理解、图数据库和聚类优化完成固件漏洞分析。,E4a,known vulnerabilities、previously unknown vulnerabilities、CVE/CNVD identifiers。; 不能声称所有64个未知漏洞都已CVE确认；只能写39个获得CVE/CNVD编号。,????,E4a,论文声明公开https://github.com/RingBDStack/LIVA；需同学B核验。,NA,64个IoT firmware samples，11个厂商，含SaTC/Karonte数据集和15个新增固件。,高：真实固件、64个未知漏洞、39个官方CVE/CNVD编号。,不能声称所有64个未知漏洞都已CVE确认；只能写39个获得CVE/CNVD编号。; manual_check: version/artifact/environment fields require paper-level audit before public release
C20,CP089,FirmAgent,待精读填写,A3,包含LLM taint analysis agent和PoC generation agent，围绕固件运行路径进行分析与生成。,E4a,真实固件漏洞、PoC、CVE、未知漏洞确认。; 不能泛化为所有IoT固件或全系统环境均有效；需保留rehosting依赖与适用边界。,????,E4a,待同学B核验是否开放代码、固件样本和PoC。,NA,14个真实世界IoT固件。,高：真实IoT固件与CVE证据。,不能泛化为所有IoT固件或全系统环境均有效；需保留rehosting依赖与适用边界。; manual_check: version/artifact/environment fields require paper-level audit before public release
C21,CP094,PANGOLIN,IoT固件漏洞发现与fuzzing,A3,PANGOLIN使用LLM分析API dispatch机制和跨语言调用，并通过response-driven feedback修正parameter specifications。,E4a,0-day vulnerability、vendor acknowledged、CVE/CNVD IDs、command injection/XSS/info leak/DoS/arbitrary file operation。; 不能在未核验前写成已正式USENIX出版；不能公开复述敏感payload细节。,????,E4a,论文声明Open Science DOI:10.6084/m9.figshare.30904379；另有GitHub链接https://github.com/vul337/PANGOLIN.git，需同学B核验。,NA,12个多语言IoT设备，来自8个厂商。,高：真实IoT设备、厂商确认和漏洞编号。,不能在未核验前写成已正式USENIX出版；不能公开复述敏感payload细节。; manual_check: version/artifact/environment fields require paper-level audit before public release
C22,CP095,TransferFuzz-Pro,漏洞验证、PoC生成、代码复用导致的漏洞传播确认,A3,LLM模拟人类debugging过程，根据程序执行结果迭代分析命令行参数直到到达目标漏洞代码。,E3,CVE-listed vulnerabilities、PoC、crash/triggerability verification、affected binaries。; 不能写成发现38个新漏洞；更准确是识别38个此前未报告的受影响二进制/软件实例。,????,NA,待同学B核验代码和数据公开情况。,NA,AFLGo、SelectFuzz、DAFL相关传播漏洞实例和OCTOPOCs尽可能收集的案例。,高：CVE和Linux发行版真实二进制；但任务是传播验证。,不能写成发现38个新漏洞；更准确是识别38个此前未报告的受影响二进制/软件实例。; manual_check: version/artifact/environment fields require paper-level audit before public release
C23,CP130,Cybench,CTF/cyber range任务求解；漏洞识别与利用能力评估。,A4,论文定义act-execute-update循环，agent执行命令、接收环境observation并用memory继续迭代。,E1,CTF flag/exploit success；部分任务作为真实技能proxy，不等同真实CVE发现。; 不要把CTF成功率等同于真实生产环境漏洞发现率。,????,NA,可得；论文声明code/data公开于cybench.github.io。,NA,Cybench：40个专业级CTF任务，含subtasks。,CTF/cyber range；有专业级任务和真实技能映射，但不是生产系统漏洞挖掘。,不要把CTF成功率等同于真实生产环境漏洞发现率。; manual_check: version/artifact/environment fields require paper-level audit before public release
C24,CP131,BountyBench,Detect、Exploit、Patch三类任务。,A4,agent通过action-observation loop与Kali容器、系统运行时和评估器交互。,E4b,真实bug bounty、可执行exploit、patch验证、运行时invariant。; 不要把其40个bounties推广为所有漏洞生态的总体分布。,????,E4b,可得；论文声明code和run logs在bountybench.github.io。,NA,BountyBench：25个系统、40个bounties、120个任务。,高：真实开源系统、公开bug bounty和金额指标。,不要把其40个bounties推广为所有漏洞生态的总体分布。; manual_check: version/artifact/environment fields require paper-level audit before public release
C25,CP132,SEC-bench,PoC generation、vulnerability patching；也包含benchmark自动构建。,A3,manager agent协调builder、exploiter、fixer并根据反馈重新分配任务。,E3,sanitizer触发、PoC artifact、patch后sanitizer消失。; 不要把SEC-bench扩展为覆盖全部漏洞类型或全部语言生态。,????,NA,可得；论文给出GitHub、HuggingFace dataset和leaderboard。,NA,SEC-bench：200个已验证真实CVE实例。,高：真实CVE、真实开源项目，但聚焦C/C++ memory safety。,不要把SEC-bench扩展为覆盖全部漏洞类型或全部语言生态。; manual_check: version/artifact/environment fields require paper-level audit before public release
C26,CP133,CyberGym,PoC生成/漏洞复现；扩展到open-ended漏洞发现。,A3--A5,agent提交PoC到环境，接收执行反馈，并在不同难度设置下完成复现任务。,E4b,sanitizer crash、pre/post-patch差异、PoC、zero-day disclosure。; 不要把20%左右成功率推广到非memory-safety或非OSS-Fuzz场景。,????,E4b,项目页可追溯；具体artifact需同学B继续核验。,NA,CyberGym：1507个实例，188个项目。,很高：真实OSS-Fuzz漏洞、真实项目、零日发现与披露。,不要把20%左右成功率推广到非memory-safety或非OSS-Fuzz场景。; manual_check: version/artifact/environment fields require paper-level audit before public release
C27,NA,AgentFuzz,agent应用中的taint-style漏洞发现；directed greybox fuzzing。,A4,使用LLM生成functionality-specific seed prompts，并用multifaceted feedback指导fuzzing。,E4a,0-day、PoC prompt、code injection/SQLi/SSRF/SSTI/CMDi、CVE。; 不要把AgentFuzz等同于通用软件漏洞挖掘；对象是LLM-based agent应用。,????,E4a,可得；论文Open Science称公开源码、数据和baseline。,NA,20个真实开源agent应用。,高：开源agent应用、确认漏洞和CVE。,不要把AgentFuzz等同于通用软件漏洞挖掘；对象是LLM-based agent应用。; manual_check: version/artifact/environment fields require paper-level audit before public release
