core_id,record_id,system_alias,title,original_a_level,original_primary_evidence_stage,original_e4_profile,original_evidence_object,original_task_category,original_artifact_note,original_environment_note,publication_status,coder2_a_level,coder2_primary_evidence_stage,coder2_e4_profile,coder2_evidence_object,coder2_orchestration_flag,coder2_adaptation_flag,coder2_external_confirmation_level,coder2_reproducibility_level,coder2_publication_confidence,coder2_decision,evidence_note,disagreement_note,adjudication_result
C01,CP014,UniFuzz,UniFuzz: a unified fuzzing framework for smart contract vulnerability detection with LLMs and audit report,A3,E2,NA,????,second_coder_to_code,论文称提供open-source implementation；public metadata status recorded; ,SoliAudit 348个智能合约；Etherscan 503个生产合约。,not_publicly_available,,,,,,,,,,,,,
C02,CP015,ReForge,ReForge: a customizable AI-driven framework for end-to-end exploit generation and analysis,A3,E3,NA,????,second_coder_to_code,论文给出GitHub：https://github.com/Sohan245/ReForge；public metadata status recorded; ,C/C++目标，包括CVE-2019-13288 XPDF、buffer overflow、command injection、reverse shell等。,not_publicly_available,,,,,,,,,,,,,
C03,CP025,Multi-Agent Collaborative Smart Contract Fuzzing,Multi-agent collaborative fuzzing with continuous reflection for smart contracts vulnerability detection,A4,E2,NA,????,second_coder_to_code,public metadata status recorded; ,真实智能合约、DApp项目、与Oyente/Mythril/sFuzz/ConFuzzius/Smartian/MuFuzz比较。,preprint_or_arxiv_from_local_metadata,,,,,,,,,,,,,
C04,CP061,FuzzingBrain,All you need is a fuzzing brain: an LLM-powered system for automated vulnerability detection and patching,A3--A5,E3,NA,????,second_coder_to_code,论文给出GitHub仓库：github.com/o2lab/afc-crs-all-you-need-is-a-fuzzing-brain；public metadata status recorded; ,DARPA AIxCC任务与真实开源C/Java项目；具体任务集需复核。,preprint_or_arxiv_from_local_metadata,,,,,,,,,,,,,
C05,CP066,Mut4All,Mut4All: fuzzing compilers via LLM-synthesized mutators learned from bug reports,A3,E2,NA,????,Fuzzing/bug discovery；安全漏洞相关性待复核,论文给出artifact：https://github.com/sososopy/Mut4All-Artifacts；public metadata status recorded; ,1000个bug报告：500 Rust与500 C++；编译器目标包括rustc、gccrs、GCC、Clang。,preprint_or_arxiv_from_local_metadata,,,,,,,,,,,,,
C06,CP068,LLAMA,LLAMA: multi-feedback smart contract fuzzing framework with LLM-guided seed generation,A3,E2,NA,????,智能合约fuzzing与漏洞检测,public metadata status recorded; 全文未在摘录中看到明确公开artifact声明。,多组智能合约benchmark；Dataset 4含真实部署合约抽样100个。,not_publicly_available,,,,,,,,,,,,,
C07,CP071,ProtocolGuard,ProtocolGuard: detecting protocol non-compliance bugs via LLM-guided static analysis and dynamic verification,A3,E4a,E4a,????,second_coder_to_code,论文给出Zenodo和GitHub：https://github.com/songxpu/ProtocolGuard；public metadata status recorded; ,11个真实协议实现，覆盖6类网络协议；附加artifact包含规则抽取、切片和动态验证组件。,not_publicly_available,,,,,,,,,,,,,
C08,CP072,BSFuzzer,BSFuzzer: context-aware semantic fuzzing for BLE logic flaw detection,A3,E4a,E4a,????,BLE协议逻辑漏洞检测与验证,论文声明公开：BSFuzzer is publicly available at GitHub；具体URLpublic metadata status recorded; ,19个真实BLE设备：9个SoC模块和10部智能手机。,not_publicly_available,,,,,,,,,,,,,
C09,CP074,RFCAUDIT,RFCAUDIT: AI agent for auditing protocol implementations against RFC specifications,A2,E4a,E4a,????,second_coder_to_code,论文给出artifact：https://github.com/zmw12306/RFCAudit；public metadata status recorded; ,6个真实网络协议实现；附加评估aws-c-http和Linux TCP/IP stack。,preprint_or_arxiv_from_local_metadata,,,,,,,,,,,,,
C10,CP075,VulAgent,VulAgent: a hypothesis validation-based multi-agent system for software vulnerability detection,A1--A2,E0,NA,????,软件漏洞检测、敏感代码定位、漏洞假设验证。,public metadata status recorded; 当前全文未确认artifact链接。,PrimeVul、SVEN。,arXiv preprint,,,,,,,,,,,,,
C11,CP076,MALF,MALF: a multi-agent LLM framework for intelligent fuzzing of industrial control protocols,A4,E4a,E4a,????,second_coder_to_code,论文称Data available on request；public metadata status recorded; ,Modbus/TCP、S7Comm、Ethernet/IP；真实电厂工控攻防靶场；三轮24小时fuzzing。,preprint_or_arxiv_from_local_metadata,,,,,,,,,,,,,
C12,CP077,NeTestLLM,NeTestLLM: automated network protocol testing with LLM agents,A4,E2,NA,????,second_coder_to_code,public metadata status recorded; ,OSPF、RIP、BGP；4632个测试用例；FRRouting历史bug覆盖；专家用户研究。,arXiv preprint,,,,,,,,,,,,,
C13,CP078,PBFuzz,PBFuzz: agentic directed fuzzing for PoV generation,A3--A5,E3,NA,????,PoV generation、directed fuzzing、漏洞复现/验证。,public metadata status recorded; 全文含workflow和prompt模板。,Magma benchmark。,preprint_or_arxiv_from_local_metadata,,,,,,,,,,,,,
C14,CP080,Co-RedTeam,Co-RedTeam: orchestrated security discovery and exploitation with LLM agents,A4,E1,NA,????,second_coder_to_code,public metadata status recorded; ,报告使用CyBench、BountyBench、CyberGym。,preprint_or_arxiv_from_local_metadata,,,,,,,,,,,,,
C15,CP081,Real-world Pentest Agent Study,What makes a good LLM agent for real-world penetration testing?,A4,E1,NA,????,second_coder_to_code,public metadata status recorded; ,报告使用CTF、HackTheBox/VulnHub、GOAD等环境；具体配置需复核。,preprint_or_arxiv_from_local_metadata,,,,,,,,,,,,,
C16,CP082,LLMVD.js,Taint-style vulnerability detection and confirmation for node.js packages using LLM agent reasoning,A3,E3,NA,????,Node.js包漏洞检测、PoC生成与确认,public metadata status recorded; 敏感PoC可能不公开。,SecBench.js、VulcaN、private real-world dataset、260个近期npm包。,preprint_or_arxiv_from_local_metadata,,,,,,,,,,,,,
C17,CP083,Multi-Agent Harnesses,Synthesizing multi-agent harnesses for vulnerability discovery,A4--A5,E3,NA,????,多agent漏洞发现harness优化；真实软件漏洞发现,论文声明开源https://github.com/berabuddies/agentflow；Chrome PoC/配置因披露限制不公开。,TerminalBench-2；Google Chrome campaign。,preprint_or_arxiv_from_local_metadata,,,,,,,,,,,,,
C18,CP084,PentestAgent,PentestAgent: incorporating LLM agents to automated penetration testing,A4,E1,NA,????,second_coder_to_code,论文给出GitHub仓库：https://github.com/nbshenxm/pentest-agent；public metadata status recorded; ,VulHub Docker漏洞环境与HackTheBox CTF挑战。,not_publicly_available,,,,,,,,,,,,,
C19,CP085,LIVA,LIVA: a multi-agent LLM-assisted system for IoT vulnerability analysis,A2,E4a,E4a,????,IoT固件taint-style漏洞检测,论文声明公开https://github.com/RingBDStack/LIVA；public metadata status recorded; ,64个IoT firmware samples，11个厂商，含SaTC/Karonte数据集和15个新增固件。,not_publicly_available,,,,,,,,,,,,,
C20,CP089,FirmAgent,FirmAgent: leveraging fuzzing to assist LLM agents with IoT firmware vulnerability discovery,A3,E4a,E4a,????,second_coder_to_code,public metadata status recorded; ,14个真实世界IoT固件。,not_publicly_available,,,,,,,,,,,,,
C21,CP094,PANGOLIN,PANGOLIN: fuzzing multilingual IoT firmware with LLM-driven code analysis,A3,E4a,E4a,????,IoT固件漏洞发现与fuzzing,论文声明Open Science DOI:10.6084/m9.figshare.30904379；另有GitHub链接https://github.com/vul337/PANGOLIN.git，public metadata status recorded; ,12个多语言IoT设备，来自8个厂商。,not_publicly_available,,,,,,,,,,,,,
C22,CP095,TransferFuzz-Pro,TransferFuzz-pro: LLM-driven code debugging for verifying propagated vulnerability,A3,E3,NA,????,漏洞验证、PoC生成、代码复用导致的漏洞传播确认,public metadata status recorded; ,AFLGo、SelectFuzz、DAFL相关传播漏洞实例和OCTOPOCs尽可能收集的案例。,journal article,,,,,,,,,,,,,
C23,CP130,Cybench,Cybench: A Framework for Evaluating Cybersecurity Capabilities and Risks of Language Models,A4,E1,NA,????,CTF/cyber range任务求解；漏洞识别与利用能力评估。,可得；论文声明code/data公开于cybench.github.io。,Cybench：40个专业级CTF任务，含subtasks。,preprint_or_arxiv_from_local_metadata,,,,,,,,,,,,,
C24,CP131,BountyBench,BountyBench: Dollar Impact of AI Agent Attackers and Defenders on Real-World Cybersecurity Systems,A4,E4b,E4b,????,Detect、Exploit、Patch三类任务。,可得；论文声明code和run logs在bountybench.github.io。,BountyBench：25个系统、40个bounties、120个任务。,preprint_or_arxiv_from_local_metadata,,,,,,,,,,,,,
C25,CP132,SEC-bench,SEC-bench: Automated Benchmarking of LLM Agents on Real-World Software Security Tasks,A3,E3,NA,????,PoC generation、vulnerability patching；也包含benchmark自动构建。,可得；论文给出GitHub、HuggingFace dataset和leaderboard。,SEC-bench：200个已验证真实CVE实例。,preprint_or_arxiv_from_local_metadata,,,,,,,,,,,,,
C26,CP133,CyberGym,CyberGym: Evaluating AI Agents' Cybersecurity Capabilities with Real-World Vulnerabilities at Scale,A3--A5,E4b,E4b,????,PoC生成/漏洞复现；扩展到open-ended漏洞发现。,项目页可追溯；具体artifactpublic metadata status recorded; ,CyberGym：1507个实例，188个项目。,preprint/project page,,,,,,,,,,,,,
C27,NA,AgentFuzz,NA,A4,E4a,E4a,????,agent应用中的taint-style漏洞发现；directed greybox fuzzing。,可得；论文Open Science称公开源码、数据和baseline。,20个真实开源agent应用。,NA,,,,,,,,,,,,,
C28,CP206,FuzzingBrain V2,FuzzingBrain V2: A Multi-Agent LLM System for Automated Vulnerability Discovery and Reproduction,A4,E3,E4a,????,CRS / vulnerability discovery / reproduction,arXiv PDF/HTML/source available; project artifact not assigned from current public metadata.,OSS-Fuzz?AIxCC ??? OSS ???,verified_by_official_source,,,,,,,,,,,,,
C29,CP207,DrillAgent,Execution-State-Aware LLM Reasoning for Automated Proof-of-Vulnerability Generation,A3,E3,E4b,????,PoV generation / SEC-bench,not assigned from current public metadata.,SEC-bench CVE PoV ???,verified_by_official_source,,,,,,,,,,,,,
C30,CP208,OSS-CRS,OSS-CRS: Liberating AIxCC Cyber Reasoning Systems for Real-World Open-Source Security,A4,E3,E4a,????,CRS / real OSS security,project page linked from arXiv; public availability recorded at source level.,AIxCC-style CRS on real OSS projects.,verified_by_official_source,,,,,,,,,,,,,
C31,CP209,GONDAR,Contextualizing Sink Knowledge for Java Vulnerability Discovery,A4,E3,E4a,????,Java vulnerability discovery / fuzzing,arXiv landing page and PDF/source available; no separate public artifact assigned in this release.,Java benchmarks and OSS-CRS deployment context.,verified_by_official_source,,,,,,,,,,,,,
