record_id,title,year,authors,source_type,venue_or_source,doi_or_url,corpus_layer,task_category,exclusion_reason,note
CP001,Leveraging intra- and inter-references in vulnerability detection using multi-agent collaboration based on LLMs,2025,NA,journalArticle,Zotero/FuLei518/project merged candidate,https://link.springer.com/article/10.1007/s10586-025-05721-2,Supporting,Discovery,NA,context/supporting record; not used for Core quantitative claims unless explicitly coded
CP002,Addressing data leakage and imbalance for robust fine-tuning of pre-trained code language models in program repair and vulnerability detection,2025,NA,thesis,Zotero/FuLei518/project merged candidate,https://www.proquest.com/openview/7dfbd6a7d0eed2abea90a8ce491b8286/1?pq-origsite=gscholar&cbl=18750&diss=y,Background,Discovery,NA,context/supporting record; not used for Core quantitative claims unless explicitly coded
CP003,ParaVul: a parallel large language model and retrieval-augmented framework for smart contract vulnerability detection,2025,NA,preprint,Zotero/FuLei518/project merged candidate,https://arxiv.org/abs/2510.17919,Supporting,Discovery,NA,context/supporting record; not used for Core quantitative claims unless explicitly coded
CP004,CQLLM: A Framework for Generating CodeQL Security Vulnerability Detection Code Based on Large Language Model,2026-01-04,NA,journalArticle,Zotero/FuLei518/project merged candidate,https://www.mdpi.com/2076-3417/16/1/517,Background,Discovery,NA,context/supporting record; not used for Core quantitative claims unless explicitly coded
CP005,LLM assisted dual-view awareness framework for smart contract vulnerability detection,2025-10-21,NA,conferencePaper,Zotero/FuLei518/project merged candidate,urn:isbn:979-8-3503-9302-6,Background,Discovery,NA,context/supporting record; not used for Core quantitative claims unless explicitly coded
CP006,Solidity meets LLMs: a transformer-based approach to smart contract vulnerability detection,2025,NA,bookSection,Zotero/FuLei518/project merged candidate,urn:isbn:978-3-032-15631-0%20978-3-032-15632-7,Background,Discovery,NA,context/supporting record; not used for Core quantitative claims unless explicitly coded
CP007,Statistical Implausibility Detection: A Framework for Identifying Evaluation Inconsistencies in Large Language Model Security Assessment,2025-10-22,NA,conferencePaper,Zotero/FuLei518/project merged candidate,urn:isbn:979-8-3315-6501-5,Background,Benchmark/Evaluation,NA,context/supporting record; not used for Core quantitative claims unless explicitly coded
CP008,FLAMES: fine-tuning LLMs to synthesize invariants for smart contract security,2025,NA,preprint,Zotero/FuLei518/project merged candidate,https://arxiv.org/abs/2510.21401,Background,Remediation,NA,context/supporting record; not used for Core quantitative claims unless explicitly coded
CP009,LocVul: line-level vulnerability localization based on a sequence-to-sequence approach,2026,NA,journalArticle,Zotero/FuLei518/project merged candidate,https://www.sciencedirect.com/science/article/pii/S0950584925002794,Background,Discovery,NA,context/supporting record; not used for Core quantitative claims unless explicitly coded
CP010,A dual perspective review on large language models and code verification,2025,NA,journalArticle,Zotero/FuLei518/project merged candidate,https://www.frontiersin.org/journals/computer-science/articles/10.3389/fcomp.2025.1655469/full,Background,Discovery,NA,context/supporting record; not used for Core quantitative claims unless explicitly coded
CP011,Vulnerability assessment of LLM-generated smart contracts in ethereum,2025,NA,conferencePaper,Zotero/FuLei518/project merged candidate,https://ceur-ws.org/Vol-4075/paper1.pdf,Background,Benchmark/Evaluation,NA,context/supporting record; not used for Core quantitative claims unless explicitly coded
CP012,Collaborative LLM reasoning for vulnerability detection in smart contracts,2025-10-28,NA,conferencePaper,Zotero/FuLei518/project merged candidate,urn:isbn:979-8-3315-8973-8,Supporting,Discovery,NA,context/supporting record; not used for Core quantitative claims unless explicitly coded
CP013,Bridging the gap between LLMs and structured program vulnerability analysis: an agent reasoning approach with first-order logic modeling,2025,NA,journalArticle,Zotero/FuLei518/project merged candidate,https://www.sciencedirect.com/science/article/abs/pii/S0957417425037212,Supporting,Discovery,NA,context/supporting record; not used for Core quantitative claims unless explicitly coded
CP014,UniFuzz: a unified fuzzing framework for smart contract vulnerability detection with LLMs and audit report,2025-10-30,NA,conferencePaper,Zotero/FuLei518/project merged candidate,urn:isbn:979-8-3315-6687-6,Core,Discovery,NA,context/supporting record; not used for Core quantitative claims unless explicitly coded
CP015,ReForge: a customizable AI-driven framework for end-to-end exploit generation and analysis,2025-11-2,NA,conferencePaper,Zotero/FuLei518/project merged candidate,urn:isbn:979-8-3315-5397-5,Core,Localization,NA,context/supporting record; not used for Core quantitative claims unless explicitly coded
CP016,Should we evaluate LLM based security analysis approaches on open source systems?,2025-11-16,NA,conferencePaper,Zotero/FuLei518/project merged candidate,urn:isbn:979-8-3503-5733-2,Background,Benchmark/Evaluation,NA,context/supporting record; not used for Core quantitative claims unless explicitly coded
CP017,Explaining software vulnerabilities with large language models,2025-11-16,NA,conferencePaper,Zotero/FuLei518/project merged candidate,urn:isbn:979-8-3315-8503-7,Background,Discovery,NA,context/supporting record; not used for Core quantitative claims unless explicitly coded
CP018,"An empirical evaluation of LLM-based approaches for code vulnerability detection: RAG, SFT, and dual-agent systems",2025-11-10,NA,conferencePaper,Zotero/FuLei518/project merged candidate,urn:isbn:979-8-3315-9948-5,Supporting,Benchmark/Evaluation,NA,context/supporting record; not used for Core quantitative claims unless explicitly coded
CP019,LEGEM: a scalable and adversarial-resilient framework for cross-platform IoT binary vulnerability detection,2026,NA,journalArticle,Zotero/FuLei518/project merged candidate,https://ieeexplore.ieee.org/abstract/document/11235936,Background,Discovery,NA,context/supporting record; not used for Core quantitative claims unless explicitly coded
CP020,Towards more accurate static analysis for taint-style bug detection in linux kernel,2025,NA,conferencePaper,Zotero/FuLei518/project merged candidate,https://www.cs.ucr.edu/~zhiyunq/pub/ase25_buglens.pdf,Background,Validation,NA,context/supporting record; not used for Core quantitative claims unless explicitly coded
CP021,VerilogLAVD: LLM-aided rule generation for vulnerability detection in verilog,2026,NA,preprint,Zotero/FuLei518/project merged candidate,https://arxiv.org/abs/2508.13092,Background,Discovery,NA,context/supporting record; not used for Core quantitative claims unless explicitly coded
CP022,Real-world code vulnerability detection framework: from data preprocessing to multi-feature fusion detection,2025,NA,journalArticle,Zotero/FuLei518/project merged candidate,https://ieeexplore.ieee.org/abstract/document/11134102,Background,Discovery,NA,context/supporting record; not used for Core quantitative claims unless explicitly coded
CP023,Examining the feasibility and influencing factors of large language models in source code security analysis,2025,NA,thesis,Zotero/FuLei518/project merged candidate,https://stars.library.ucf.edu/etd2024/340/,Background,Discovery,NA,context/supporting record; not used for Core quantitative claims unless explicitly coded
CP024,HyFuzz: a hybrid AI-enhanced vulnerability detection framework,2025,NA,conferencePaper,Zotero/FuLei518/project merged candidate,urn:isbn:979-8-3315-9788-7,Background,Discovery,NA,context/supporting record; not used for Core quantitative claims unless explicitly coded
CP025,Multi-agent collaborative fuzzing with continuous reflection for smart contracts vulnerability detection,2025,NA,preprint,Zotero/FuLei518/project merged candidate,https://arxiv.org/abs/2511.12164,Core,Discovery,NA,context/supporting record; not used for Core quantitative claims unless explicitly coded
CP026,Advancing binary code similarity detection via context-content fusion and LLM verification,2025,NA,conferencePaper,Zotero/FuLei518/project merged candidate,https://gentlecp.github.io/pdfs/Co2FuLL_ASE_2025.pdf,Background,Discovery,NA,context/supporting record; not used for Core quantitative claims unless explicitly coded
CP027,Exploring static taint analysis in LLMs:a dynamic benchmarking framework for measurement and enhancement,2025,NA,conferencePaper,Zotero/FuLei518/project merged candidate,https://yuanxzhang.github.io/paper/LLMTaint-ase25.pdf,Supporting,Benchmark/Evaluation,NA,context/supporting record; not used for Core quantitative claims unless explicitly coded
CP028,LOSVER: line-level modifiability signal-guided vulnerability detection and classification,2025-11-16,NA,conferencePaper,Zotero/FuLei518/project merged candidate,https://ieeexplore.ieee.org/abstract/document/11334430,Background,Discovery,NA,context/supporting record; not used for Core quantitative claims unless explicitly coded
CP029,LLM-assisted security vulnerability analysis for educational websites: risk identification via LLM-EduAttackGraph,2025,NA,journalArticle,Zotero/FuLei518/project merged candidate,https://ieeexplore.ieee.org/abstract/document/11258892,Background,Discovery,NA,context/supporting record; not used for Core quantitative claims unless explicitly coded
CP030,A novel approach for software vulnerability detection based on ensemble learning model,2025,NA,journalArticle,Zotero/FuLei518/project merged candidate,https://www.sciencedirect.com/science/article/abs/pii/S0045790625007918,Background,Discovery,NA,context/supporting record; not used for Core quantitative claims unless explicitly coded
CP031,"Source code vulnerability detection with LLMs: a systematic evaluation of fine-tuning, and multimodal fusion of code text and software metrics",2025,NA,preprint,Zotero/FuLei518/project merged candidate,https://papers.ssrn.com/sol3/papers.cfm?abstract_id=5782211,Background,Benchmark/Evaluation,NA,context/supporting record; not used for Core quantitative claims unless explicitly coded
CP032,LLMs as firmware experts: a runtime-grown tree-of-agents framework,2025,NA,preprint,Zotero/FuLei518/project merged candidate,https://arxiv.org/abs/2511.18438,Supporting,Discovery,NA,context/supporting record; not used for Core quantitative claims unless explicitly coded
CP033,Large language model based smart contract auditing with LLMBugScanner,2025,NA,preprint,Zotero/FuLei518/project merged candidate,https://arxiv.org/abs/2512.02069,Background,Discovery,NA,context/supporting record; not used for Core quantitative claims unless explicitly coded
CP034,Large language models cannot reliably detect vulnerabilities in JavaScript: the first systematic benchmark and evaluation,2025,NA,preprint,Zotero/FuLei518/project merged candidate,https://arxiv.org/abs/2512.01255,Background,Benchmark/Evaluation,NA,context/supporting record; not used for Core quantitative claims unless explicitly coded
CP035,Enhancing static vulnerability alert validation using large language models,2025,NA,preprint,Zotero/FuLei518/project merged candidate,https://papers.ssrn.com/sol3/papers.cfm?abstract_id=5845441,Supporting,Validation,NA,context/supporting record; not used for Core quantitative claims unless explicitly coded
CP036,BF-WeakWeb-2025: a novel dataset and LLM benchmark for web vulnerability detection in Burkina Faso,2025,NA,conferencePaper,Zotero/FuLei518/project merged candidate,https://ieeexplore.ieee.org/abstract/document/11288830,Background,Discovery,NA,context/supporting record; not used for Core quantitative claims unless explicitly coded
CP037,Research on AIGC-based vulnerability detection and repair systems,2025-12-5,NA,conferencePaper,Zotero/FuLei518/project merged candidate,urn:isbn:979-8-3315-5652-5,Background,Remediation,NA,context/supporting record; not used for Core quantitative claims unless explicitly coded
CP038,Software vulnerability detection based on LLM,2025-12-5,NA,conferencePaper,Zotero/FuLei518/project merged candidate,urn:isbn:979-8-3315-1355-9,Background,Discovery,NA,context/supporting record; not used for Core quantitative claims unless explicitly coded
CP039,Performance of open-source large language models in smart contract vulnerability detection,2025-12-5,NA,conferencePaper,Zotero/FuLei518/project merged candidate,urn:isbn:979-8-3315-3806-4,Background,Benchmark/Evaluation,NA,context/supporting record; not used for Core quantitative claims unless explicitly coded
CP040,DeepDesc: integrating retrieval-augmented generation with large language models for smart contract vulnerability detection,2025,NA,journalArticle,Zotero/FuLei518/project merged candidate,https://link.springer.com/article/10.1007/s10664-025-10770-7,Background,Discovery,NA,context/supporting record; not used for Core quantitative claims unless explicitly coded
CP041,Fine-tuning a vulnerability-specific large language model for a hybrid software vulnerability detection method,2025,NA,journalArticle,Zotero/FuLei518/project merged candidate,https://www.sciencedirect.com/science/article/abs/pii/S0952197625034414,Background,Discovery,NA,context/supporting record; not used for Core quantitative claims unless explicitly coded
CP042,"Enhancing python code security: a comparison of machine learning, ChatGPT, and static analysis methods",2025-12-6,NA,conferencePaper,Zotero/FuLei518/project merged candidate,urn:isbn:978-1-6654-5756-9,Supporting,Benchmark/Evaluation,NA,context/supporting record; not used for Core quantitative claims unless explicitly coded
CP043,Beyond prompting: the role of phrasing tasks in vulnerability prediction for java,2025-12-08,NA,journalArticle,Zotero/FuLei518/project merged candidate,https://link.springer.com/article/10.1186/s42400-025-00476-0,Background,Benchmark/Evaluation,NA,context/supporting record; not used for Core quantitative claims unless explicitly coded
CP044,A vulnerability detection scheme for smart contracts based on large language models and deep learning techniques,2026,NA,journalArticle,Zotero/FuLei518/project merged candidate,https://openurl.ebsco.com/EPDB%3Agcd%3A11%3A7778651/detailv2?sid=ebsco%3Aplink%3Ascholar&id=ebsco%3Agcd%3A190869272&crl=c&link_origin=scholar.google.com,Background,Discovery,NA,context/supporting record; not used for Core quantitative claims unless explicitly coded
CP045,Leveraging LLM agents for autonomous web penetration testing targeting SQL injection vulnerability,2025-12-8,NA,conferencePaper,Zotero/FuLei518/project merged candidate,urn:isbn:979-8-3315-9447-3,Supporting,Discovery,NA,context/supporting record; not used for Core quantitative claims unless explicitly coded
CP046,Trust-calibrated multi-stage large language model pipeline for vulnerability assessment in DevSecOps workflows,2025-12-8,NA,conferencePaper,Zotero/FuLei518/project merged candidate,urn:isbn:979-8-3315-4536-9,Background,Discovery,NA,context/supporting record; not used for Core quantitative claims unless explicitly coded
CP047,A benchmark dataset for code-level vulnerability detection and analysis,2025-12-8,NA,conferencePaper,Zotero/FuLei518/project merged candidate,https://ieeexplore.ieee.org/abstract/document/11402559,Background,Benchmark/Evaluation,NA,context/supporting record; not used for Core quantitative claims unless explicitly coded
CP048,A survey on the role of LLMs in AI-based software development: augmentation and latent risks,2025-12-8,NA,conferencePaper,Zotero/FuLei518/project merged candidate,https://ieeexplore.ieee.org/abstract/document/11401846,Excluded,Discovery,主题偏泛软件开发/agent应用安全，不直接服务agentic漏洞挖掘主线,context/supporting record; not used for Core quantitative claims unless explicitly coded
CP049,LLM-based vulnerability detection in decompiled binary code for automated reverse engineering,2026,NA,conferencePaper,Zotero/FuLei518/project merged candidate,https://link.springer.com/chapter/10.1007/978-3-032-22062-2_6,Background,Discovery,NA,context/supporting record; not used for Core quantitative claims unless explicitly coded
CP050,Unified artificial intelligence and formal reasoning approach to software security,2025-12-10,NA,conferencePaper,Zotero/FuLei518/project merged candidate,urn:isbn:979-8-3315-5664-8,Background,Remediation,NA,context/supporting record; not used for Core quantitative claims unless explicitly coded
CP051,Generalizable secure code generation framework for robust software development practices,2025-12-10,NA,conferencePaper,Zotero/FuLei518/project merged candidate,https://ieeexplore.ieee.org/abstract/document/11354349,Excluded,Attribution,主题偏泛软件开发/agent应用安全，不直接服务agentic漏洞挖掘主线,context/supporting record; not used for Core quantitative claims unless explicitly coded
CP052,From lab to reality: a practical evaluation of deep learning models and LLMs for vulnerability detection,2025,NA,preprint,Zotero/FuLei518/project merged candidate,https://arxiv.org/abs/2512.10485,Background,Benchmark/Evaluation,NA,context/supporting record; not used for Core quantitative claims unless explicitly coded
CP053,Research status and analysis of LLM-based methods for code audit,2025-12-12,NA,conferencePaper,Zotero/FuLei518/project merged candidate,urn:isbn:979-8-3315-6825-2,Background,Discovery,NA,context/supporting record; not used for Core quantitative claims unless explicitly coded
CP054,LLM-guided initial seed selection for black-box IoT fuzzing to enhance vulnerability detection,2025-12-14,NA,conferencePaper,Zotero/FuLei518/project merged candidate,urn:isbn:979-8-3315-9143-4,Background,Validation,NA,context/supporting record; not used for Core quantitative claims unless explicitly coded
CP055,Poster: boosting inter-procedural vulnerability detection via retrieval-augmented generation,2025-12-14,NA,conferencePaper,Zotero/FuLei518/project merged candidate,urn:isbn:979-8-3315-4901-5,Background,Discovery,NA,context/supporting record; not used for Core quantitative claims unless explicitly coded
CP056,The impact of prompt language and representation on LLM reasoning: a multilingual empirical study,2025,NA,journalArticle,Zotero/FuLei518/project merged candidate,https://ieeexplore.ieee.org/abstract/document/11318327,Excluded,Benchmark/Evaluation,与本文核心范围关系较弱,context/supporting record; not used for Core quantitative claims unless explicitly coded
CP057,A comprehensive assessment of OpenAI’s large language models for detecting vulnerabilities in source code,2026,NA,journalArticle,Zotero/FuLei518/project merged candidate,https://www.sciencedirect.com/science/article/pii/S1877050926001080,Background,Benchmark/Evaluation,NA,context/supporting record; not used for Core quantitative claims unless explicitly coded
CP058,Adaptive hierarchical evaluation of LLMs and SAST tools for CWE prediction in python,2026,NA,preprint,Zotero/FuLei518/project merged candidate,https://arxiv.org/abs/2601.01320,Background,Benchmark/Evaluation,NA,context/supporting record; not used for Core quantitative claims unless explicitly coded
CP059,Source code vulnerability detection based on deep learning: a review,2026-01-04,NA,journalArticle,Zotero/FuLei518/project merged candidate,https://link.springer.com/article/10.1186/s42400-025-00518-7,Background,Discovery,NA,context/supporting record; not used for Core quantitative claims unless explicitly coded
CP060,Automating fuzz driver generation for deep learning libraries with large language models,2026-01-04,NA,journalArticle,Zotero/FuLei518/project merged candidate,https://link.springer.com/article/10.1186/s42400-025-00532-9,Background,Validation,NA,context/supporting record; not used for Core quantitative claims unless explicitly coded
CP061,All you need is a fuzzing brain: an LLM-powered system for automated vulnerability detection and patching,2025,NA,preprint,Zotero/FuLei518/project merged candidate,https://arxiv.org/abs/2509.07225,Core,Discovery,NA,context/supporting record; not used for Core quantitative claims unless explicitly coded
CP062,LLM-powered silent bug fuzzing in deep learning libraries via versatile and controlled bug transfer,2025,NA,conferencePaper,Zotero/FuLei518/project merged candidate,https://doi.org/10.1145/3798258,Background,Discovery,NA,context/supporting record; not used for Core quantitative claims unless explicitly coded
CP063,Hybrid fuzzing with LLM-guided input mutation and semantic feedback,2025-10-27,NA,conferencePaper,Zotero/FuLei518/project merged candidate,urn:isbn:979-8-3315-9628-6,Supporting,Discovery,NA,context/supporting record; not used for Core quantitative claims unless explicitly coded
CP064,ChatHTTPFuzz: large language model-assisted IoT HTTP fuzzing,2025,NA,journalArticle,Zotero/FuLei518/project merged candidate,https://doi.org/10.1007/s13042-024-02527-3,Background,Discovery,NA,context/supporting record; not used for Core quantitative claims unless explicitly coded
CP065,Intelligent test case generation method for fuzzing IoT protocols based on LLM,2025,NA,journalArticle,Zotero/FuLei518/project merged candidate,https://doi.org/10.1007/s10515-025-00557-x,Supporting,Discovery,NA,context/supporting record; not used for Core quantitative claims unless explicitly coded
CP066,Mut4All: fuzzing compilers via LLM-synthesized mutators learned from bug reports,2026,NA,preprint,Zotero/FuLei518/project merged candidate,https://arxiv.org/abs/2507.19275,Core,Discovery,NA,context/supporting record; not used for Core quantitative claims unless explicitly coded
CP067,FuzzCoder: code large language model-based fuzz testing for industrial IoT programs,2025,NA,journalArticle,Zotero/FuLei518/project merged candidate,https://doi.org/10.1109/JIOT.2025.3577602,Supporting,Discovery,NA,context/supporting record; not used for Core quantitative claims unless explicitly coded
CP068,LLAMA: multi-feedback smart contract fuzzing framework with LLM-guided seed generation,2026,NA,journalArticle,Zotero/FuLei518/project merged candidate,https://doi.org/10.1109/TIFS.2026.3666859,Core,Discovery,NA,context/supporting record; not used for Core quantitative claims unless explicitly coded
CP069,SDLLMFuzz: dynamic-static LLM-assisted greybox fuzzing for structured input programs,2026,NA,preprint,Zotero/FuLei518/project merged candidate,https://arxiv.org/abs/2604.17750,Supporting,Discovery,NA,context/supporting record; not used for Core quantitative claims unless explicitly coded
CP070,When software security meets large language models: a survey,2025,NA,journalArticle,Zotero/FuLei518/project merged candidate,https://doi.org/10.1109/JAS.2024.124971,Background,NA,NA,context/supporting record; not used for Core quantitative claims unless explicitly coded
CP071,ProtocolGuard: detecting protocol non-compliance bugs via LLM-guided static analysis and dynamic verification,2026,NA,journalArticle,Zotero/FuLei518/project merged candidate,https://doi.org/10.14722/ndss.2026.240521,Core,Discovery,NA,context/supporting record; not used for Core quantitative claims unless explicitly coded
CP072,BSFuzzer: context-aware semantic fuzzing for BLE logic flaw detection,2026,NA,journalArticle,Zotero/FuLei518/project merged candidate,https://doi.org/10.14722/ndss.2026.240094,Core,Discovery,NA,context/supporting record; not used for Core quantitative claims unless explicitly coded
CP073,Building a secure agentic AI application leveraging google's A2A protocol,2025,NA,preprint,Zotero/FuLei518/project merged candidate,https://arxiv.org/abs/2504.16902,Excluded,NA,主题偏泛软件开发/agent应用安全，不直接服务agentic漏洞挖掘主线,context/supporting record; not used for Core quantitative claims unless explicitly coded
CP074,RFCAUDIT: AI agent for auditing protocol implementations against RFC specifications,2025,NA,preprint,Zotero/FuLei518/project merged candidate,https://arxiv.org/abs/2506.00714,Core,Discovery,NA,context/supporting record; not used for Core quantitative claims unless explicitly coded
CP075,VulAgent: a hypothesis validation-based multi-agent system for software vulnerability detection,2025,NA,preprint,Zotero/FuLei518/project merged candidate,https://arxiv.org/abs/2509.11523,Core,Discovery,NA,context/supporting record; not used for Core quantitative claims unless explicitly coded
CP076,MALF: a multi-agent LLM framework for intelligent fuzzing of industrial control protocols,2025,NA,preprint,Zotero/FuLei518/project merged candidate,https://arxiv.org/abs/2510.02694,Core,Discovery,NA,context/supporting record; not used for Core quantitative claims unless explicitly coded
CP077,NeTestLLM: automated network protocol testing with LLM agents,2025,NA,preprint,Zotero/FuLei518/project merged candidate,https://arxiv.org/abs/2510.13248,Core,Benchmark/Evaluation,NA,context/supporting record; not used for Core quantitative claims unless explicitly coded
CP078,PBFuzz: agentic directed fuzzing for PoV generation,2025,NA,preprint,Zotero/FuLei518/project merged candidate,https://arxiv.org/abs/2512.04611,Core,Validation,NA,context/supporting record; not used for Core quantitative claims unless explicitly coded
CP079,VulnLLM-R: specialized reasoning LLM with agent scaffold for vulnerability detection,2025,NA,preprint,Zotero/FuLei518/project merged candidate,https://arxiv.org/abs/2512.07533,Supporting,Discovery,NA,context/supporting record; not used for Core quantitative claims unless explicitly coded
CP080,Co-RedTeam: orchestrated security discovery and exploitation with LLM agents,2025,NA,preprint,Zotero/FuLei518/project merged candidate,https://arxiv.org/abs/2602.02164,Core,Discovery,NA,context/supporting record; not used for Core quantitative claims unless explicitly coded
CP081,What makes a good LLM agent for real-world penetration testing?,2025,NA,preprint,Zotero/FuLei518/project merged candidate,https://arxiv.org/abs/2602.17622,Core,Benchmark/Evaluation,NA,context/supporting record; not used for Core quantitative claims unless explicitly coded
CP082,Taint-style vulnerability detection and confirmation for node.js packages using LLM agent reasoning,2025,NA,preprint,Zotero/FuLei518/project merged candidate,https://arxiv.org/abs/2604.20179,Core,Discovery,NA,context/supporting record; not used for Core quantitative claims unless explicitly coded
CP083,Synthesizing multi-agent harnesses for vulnerability discovery,2025,NA,preprint,Zotero/FuLei518/project merged candidate,https://arxiv.org/abs/2604.20801,Core,Discovery,NA,context/supporting record; not used for Core quantitative claims unless explicitly coded
CP084,PentestAgent: incorporating LLM agents to automated penetration testing,2025-08-25,NA,conferencePaper,Zotero/FuLei518/project merged candidate,urn:isbn:979-8-4007-1410-8,Core,Discovery,NA,context/supporting record; not used for Core quantitative claims unless explicitly coded
CP085,LIVA: a multi-agent LLM-assisted system for IoT vulnerability analysis,2025,NA,journalArticle,Zotero/FuLei518/project merged candidate,https://doi.org/10.1109/TDSC.2026.3665343,Core,Discovery,NA,context/supporting record; not used for Core quantitative claims unless explicitly coded
CP086,LLMFuzzTestGen: from automation to robustness via multi-agent LLM-driven fuzzing and feedback loops,2025-11-5,NA,conferencePaper,Zotero/FuLei518/project merged candidate,urn:isbn:979-8-3315-6969-3,Supporting,Discovery,NA,context/supporting record; not used for Core quantitative claims unless explicitly coded
CP087,MultiFuzz: a dense retrieval-based multi-agent system for network protocol fuzzing,2025,NA,preprint,Zotero/FuLei518/project merged candidate,https://arxiv.org/abs/2508.14300,Supporting,Discovery,NA,context/supporting record; not used for Core quantitative claims unless explicitly coded
CP088,Multi-level protocol consistency verification using large language model agents,2025,NA,conferencePaper,Zotero/FuLei518/project merged candidate,urn:isbn:979-8-3315-9590-6,Supporting,Validation,NA,context/supporting record; not used for Core quantitative claims unless explicitly coded
CP089,FirmAgent: leveraging fuzzing to assist LLM agents with IoT firmware vulnerability discovery,2025,NA,journalArticle,Zotero/FuLei518/project merged candidate,https://doi.org/10.14722/ndss.2026.231943,Core,Discovery,NA,context/supporting record; not used for Core quantitative claims unless explicitly coded
CP090,PREMADC: protocol reverse engineering via multi-agent analysis and deep clustering for industrial control protocols,2026,NA,journalArticle,Zotero/FuLei518/project merged candidate,https://doi.org/10.1109/JIOT.2026.3685605,Supporting,Discovery,NA,context/supporting record; not used for Core quantitative claims unless explicitly coded
CP091,Semantic bug detection for network protocol implementations (PhD dissertation),2026-04-15,NA,thesis,Zotero/FuLei518/project merged candidate,https://doi.org/10.25394/PGS.32014092,Background,Discovery,NA,context/supporting record; not used for Core quantitative claims unless explicitly coded
CP092,MARLFuzz: industrial control protocols fuzzing based on multi-agent reinforcement learning,2025,NA,journalArticle,Zotero/FuLei518/project merged candidate,https://doi.org/10.1007/s00607-025-01421-2,Supporting,Discovery,NA,context/supporting record; not used for Core quantitative claims unless explicitly coded
CP093,OmniFuzz: multi-agent RL-based protocol-aware fuzzing for power IoT devices,2026,NA,journalArticle,Zotero/FuLei518/project merged candidate,https://doi.org/10.1007/s10922-025-09991-4,Supporting,Discovery,NA,context/supporting record; not used for Core quantitative claims unless explicitly coded
CP094,PANGOLIN: fuzzing multilingual IoT firmware with LLM-driven code analysis,2025,NA,journalArticle,Zotero/FuLei518/project merged candidate,https://www.usenix.org/conference/usenixsecurity26/presentation/jia,Core,Discovery,NA,context/supporting record; not used for Core quantitative claims unless explicitly coded
CP095,TransferFuzz-pro: LLM-driven code debugging for verifying propagated vulnerability,2025,NA,journalArticle,Zotero/FuLei518/project merged candidate,https://doi.org/10.1109/TSE.2025.3584774,Core,Validation,NA,context/supporting record; not used for Core quantitative claims unless explicitly coded
CP096,WebFuzzGen: LLM-enhanced directed fuzzing for stateful web applications,2025-12-26,NA,conferencePaper,Zotero/FuLei518/project merged candidate,urn:isbn:979-8-3315-6992-1,Supporting,Discovery,NA,context/supporting record; not used for Core quantitative claims unless explicitly coded
CP097,PANGOLIN: Fuzzing Multilingual IoT Firmware with LLM-Driven Code Analysis,2026,NA,conferencePaper,Zotero/FuLei518/project merged candidate,#item_1175,Supporting,Discovery,NA,context/supporting record; not used for Core quantitative claims unless explicitly coded
CP098,LLM-RLFuzz: An Intelligent Fuzzing Framework for IoT Protocol,2026,NA,conferencePaper,Zotero/FuLei518/project merged candidate,urn:isbn:9789819501298,Supporting,Discovery,NA,context/supporting record; not used for Core quantitative claims unless explicitly coded
CP099,ELFuzz: Efficient Input Generation via LLM-driven Synthesis Over Fuzzer Space,2025,NA,conferencePaper,Zotero/FuLei518/project merged candidate,urn:isbn:978-1-939133-52-6,Background,Discovery,NA,context/supporting record; not used for Core quantitative claims unless explicitly coded
CP100,CKGFuzzer: LLM-Based Fuzz Driver Generation Enhanced By Code Knowledge Graph,2025-04,NA,conferencePaper,Zotero/FuLei518/project merged candidate,https://ieeexplore.ieee.org/abstract/document/11024256,Supporting,Discovery,NA,context/supporting record; not used for Core quantitative claims unless explicitly coded
CP101,Building A Secure Agentic AI Application Leveraging Google’s A2A Protocol,2025-12,NA,conferencePaper,Zotero/FuLei518/project merged candidate,https://ieeexplore.ieee.org/abstract/document/11418008,Excluded,NA,主题偏泛软件开发/agent应用安全，不直接服务agentic漏洞挖掘主线,context/supporting record; not used for Core quantitative claims unless explicitly coded
CP102,RFCAudit: AI Agent for Auditing Protocol Implementations Against RFC Specifications,2025-11,NA,conferencePaper,Zotero/FuLei518/project merged candidate,https://ieeexplore.ieee.org/abstract/document/11334718,Supporting,Discovery,NA,context/supporting record; not used for Core quantitative claims unless explicitly coded
CP103,Leveraging Open-Source LLMs for Zero-Shot Vulnerability Detection: A Comparative Analysis,2025,NA,conferencePaper,Zotero/FuLei518/project merged candidate,urn:isbn:978-3-031-87775-9,Supporting,Discovery,NA,context/supporting record; not used for Core quantitative claims unless explicitly coded
CP104,MultiFuzz: A Dense Retrieval-based Multi-Agent System for Network Protocol Fuzzing,2025-10,NA,conferencePaper,Zotero/FuLei518/project merged candidate,https://ieeexplore.ieee.org/abstract/document/11315267,Supporting,Discovery,NA,context/supporting record; not used for Core quantitative claims unless explicitly coded
CP105,Automated Model-Based Fuzzing for 5G O-RAN,"十一月 21, 2025",NA,conferencePaper,Zotero/FuLei518/project merged candidate,urn:isbn:979-8-4007-1129-9,Supporting,Discovery,NA,context/supporting record; not used for Core quantitative claims unless explicitly coded
CP106,OSS-CRS: Liberating AIxCC Cyber Reasoning Systems for Real-World Open-Source Security,2026,NA,preprint,Zotero/FuLei518/project merged candidate,https://arxiv.org/abs/2603.08566,Supporting,Discovery,NA,context/supporting record; not used for Core quantitative claims unless explicitly coded
CP107,GRIDAI: Generating and Repairing Intrusion Detection Rules via Collaboration among Multiple LLM-based Agents,2025-10-15,NA,preprint,Zotero/FuLei518/project merged candidate,http://arxiv.org/abs/2510.13257,Supporting,Discovery,NA,context/supporting record; not used for Core quantitative claims unless explicitly coded
CP108,TrustPKBG: Trustworthy Protocol Knowledge Blueprints Generation via LLM for Low-Altitude AAV Networks,2026,NA,journalArticle,Zotero/FuLei518/project merged candidate,https://ieeexplore.ieee.org/abstract/document/11366924,Supporting,Discovery,NA,context/supporting record; not used for Core quantitative claims unless explicitly coded
CP109,[SOK] Large language models in security code review and testing,2026-01-23,NA,journalArticle,Zotero/FuLei518/project merged candidate,https://digitalcollection.zhaw.ch/handle/11475/35478,Background,Benchmark/Evaluation,NA,context/supporting record; not used for Core quantitative claims unless explicitly coded
CP110,Directed Greybox Fuzzing via Large Language Model,2025/05/06,NA,preprint,Zotero/FuLei518/project merged candidate,https://arxiv.org/abs/2505.03425v1,Supporting,Discovery,NA,context/supporting record; not used for Core quantitative claims unless explicitly coded
CP111,Fuzzing: Randomness? Reasoning! Efficient Directed Fuzzing via Large Language Models,2025,NA,preprint,Zotero/FuLei518/project merged candidate,https://arxiv.org/abs/2507.22065,Supporting,Discovery,NA,context/supporting record; not used for Core quantitative claims unless explicitly coded
CP112,ChainFuzzer: Greybox Fuzzing for Workflow-Level Multi-Tool Vulnerabilities in LLM Agents,2026,NA,preprint,Zotero/FuLei518/project merged candidate,https://arxiv.org/abs/2603.12614,Supporting,Discovery,NA,context/supporting record; not used for Core quantitative claims unless explicitly coded
CP113,Adversarial generation method for smart contract fuzz testing seeds guided by chain-based LLM,2025/05/01,NA,journalArticle,Zotero/FuLei518/project merged candidate,https://link.springer.com/article/10.1007/s10515-024-00483-4,Supporting,Discovery,NA,context/supporting record; not used for Core quantitative claims unless explicitly coded
CP114,Make Agent Defeat Agent: Automatic Detection of Taint-Style Vulnerabilities in LLM-based Agents,2025,NA,conferencePaper,Zotero/FuLei518/project merged candidate,https://www.usenix.org/conference/usenixsecurity25/presentation/liu-fengyu,Core,Discovery,NA,context/supporting record; not used for Core quantitative claims unless explicitly coded
CP115,LLMs in Software Security: A Survey of Vulnerability Detection Techniques and Insights,"十一月 21, 2025",NA,journalArticle,Zotero/FuLei518/project merged candidate,https://dl.acm.org/doi/10.1145/3769082,Background,Benchmark/Evaluation,NA,context/supporting record; not used for Core quantitative claims unless explicitly coded
CP116,Hybrid Language Processor Fuzzing via LLM-Based Constraint Solving,2025,NA,conferencePaper,Zotero/FuLei518/project merged candidate,https://www.usenix.org/conference/usenixsecurity25/presentation/yang-yupeng,Supporting,Discovery,NA,context/supporting record; not used for Core quantitative claims unless explicitly coded
CP117,Vulnerability Detection: From Formal Verification to Large Language Models and Hybrid Approaches: A Comprehensive Overview,2026,NA,bookSection,Zotero/FuLei518/project merged candidate,urn:isbn:978-3-031-99447-0,Background,Benchmark/Evaluation,NA,context/supporting record; not used for Core quantitative claims unless explicitly coded
CP118,KernelGPT: Enhanced Kernel Fuzzing via Large Language Models,"三月 30, 2025",NA,conferencePaper,Zotero/FuLei518/project merged candidate,urn:isbn:979-8-4007-1079-7,Supporting,Discovery,NA,context/supporting record; not used for Core quantitative claims unless explicitly coded
CP119,Low-Cost and Comprehensive Non-textual Input Fuzzing with LLM-Synthesized Input Generators,2025,NA,conferencePaper,Zotero/FuLei518/project merged candidate,https://www.usenix.org/conference/usenixsecurity25/presentation/zhang-kunpeng,Supporting,Discovery,NA,context/supporting record; not used for Core quantitative claims unless explicitly coded
CP120,"Large language models for software vulnerability detection: a guide for researchers on models, methods, techniques, datasets, and metrics",2025/04/01,NA,journalArticle,Zotero/FuLei518/project merged candidate,https://link.springer.com/article/10.1007/s10207-025-00992-7,Background,Benchmark/Evaluation,NA,context/supporting record; not used for Core quantitative claims unless explicitly coded
CP121,A Contemporary Survey of Large Language Model Assisted Program Analysis,2025-02-05,NA,preprint,Zotero/FuLei518/project merged candidate,http://arxiv.org/abs/2502.18474,Background,Benchmark/Evaluation,NA,context/supporting record; not used for Core quantitative claims unless explicitly coded
CP122,OSmartPro: a large language model-assisted option fuzzing approach,2026/12/01,NA,journalArticle,Zotero/FuLei518/project merged candidate,https://link.springer.com/article/10.1186/s42400-026-00557-8,Supporting,Discovery,NA,context/supporting record; not used for Core quantitative claims unless explicitly coded
CP123,PatchIsland: Orchestration of LLM Agents for Continuous Vulnerability Repair,2026-01-24,NA,preprint,Zotero/FuLei518/project merged candidate,http://arxiv.org/abs/2601.17471,Supporting,Discovery,NA,context/supporting record; not used for Core quantitative claims unless explicitly coded
CP124,Getting pwn'd by AI: Penetration Testing with Large Language Models,2023,NA,conferencePaper,Zotero/FuLei518/project merged candidate,https://doi.org/10.1145/3611643.3613083,Background,Discovery,NA,context/supporting record; not used for Core quantitative claims unless explicitly coded
CP125,PentestGPT: An LLM-empowered Automatic Penetration Testing Tool,2023,NA,preprint,Zotero/FuLei518/project merged candidate,https://arxiv.org/abs/2308.06782,Background,Discovery,NA,context/supporting record; not used for Core quantitative claims unless explicitly coded
CP126,LLM Agents can Autonomously Hack Websites,2024,NA,preprint,Zotero/FuLei518/project merged candidate,https://arxiv.org/abs/2402.06664,Background,Discovery,NA,context/supporting record; not used for Core quantitative claims unless explicitly coded
CP127,LLM Agents can Autonomously Exploit One-day Vulnerabilities,2024,NA,preprint,Zotero/FuLei518/project merged candidate,https://arxiv.org/abs/2404.08144,Background,Validation,NA,context/supporting record; not used for Core quantitative claims unless explicitly coded
CP128,Teams of LLM Agents can Exploit Zero-Day Vulnerabilities,2024,NA,preprint,Zotero/FuLei518/project merged candidate,https://arxiv.org/abs/2406.01637,Supporting,Validation,NA,context/supporting record; not used for Core quantitative claims unless explicitly coded
CP129,EnIGMA: Enhanced Interactive Generative Model Agent for CTF Challenges,2024,NA,preprint,Zotero/FuLei518/project merged candidate,https://dblp.org/rec/journals/corr/abs-2409-16165.html,Background,Benchmark/Evaluation,NA,context/supporting record; not used for Core quantitative claims unless explicitly coded
CP130,Cybench: A Framework for Evaluating Cybersecurity Capabilities and Risks of Language Models,2025,NA,preprint,Zotero/FuLei518/project merged candidate,https://proceedings.iclr.cc/paper_files/paper/2025/hash/3e9412a9c1d93810ef3ef7825115016b-Abstract-Conference.html,Core,Benchmark/Evaluation,NA,context/supporting record; not used for Core quantitative claims unless explicitly coded
CP131,BountyBench: Dollar Impact of AI Agent Attackers and Defenders on Real-World Cybersecurity Systems,2025,NA,preprint,Zotero/FuLei518/project merged candidate,https://bountybench.github.io/,Core,Benchmark/Evaluation,NA,context/supporting record; not used for Core quantitative claims unless explicitly coded
CP132,SEC-bench: Automated Benchmarking of LLM Agents on Real-World Software Security Tasks,2025,NA,preprint,Zotero/FuLei518/project merged candidate,https://arxiv.org/abs/2506.11791,Core,Benchmark/Evaluation,NA,context/supporting record; not used for Core quantitative claims unless explicitly coded
CP133,CyberGym: Evaluating AI Agents' Cybersecurity Capabilities with Real-World Vulnerabilities at Scale,2025,NA,preprint,Zotero/FuLei518/project merged candidate,https://www.cybergym.io/,Core,Benchmark/Evaluation,NA,context/supporting record; not used for Core quantitative claims unless explicitly coded
CP134,PATCHAGENT: A Practical Program Repair Agent Mimicking Human Expertise,2025,NA,conferencePaper,Zotero/FuLei518/project merged candidate,https://www.usenix.org/conference/usenixsecurity25/presentation/yu-zheng,Supporting,Remediation,NA,context/supporting record; not used for Core quantitative claims unless explicitly coded
CP135,Vulnerability Mitigation System (VMS): LLM Agent and Evaluation Framework for Autonomous Penetration Testing,2025,NA,preprint,Zotero/FuLei518/project merged candidate,https://arxiv.org/abs/2507.21113,Supporting,Discovery,NA,context/supporting record; not used for Core quantitative claims unless explicitly coded
CP136,SIVA: Self Improving Vulnerability Agent,2025,NA,preprint,Zotero/FuLei518/project merged candidate,https://research.ibm.com/publications/siva-self-improving-vulnerability-agent,Supporting,Discovery,NA,context/supporting record; not used for Core quantitative claims unless explicitly coded
CP137,LLM-Boofuzz: Generation-Based Black-Box Fuzzing for Network Protocols via LLMs,2025,NA,journalArticle,Zotero/FuLei518/project merged candidate,https://doi.org/10.3390/electronics14234550,Supporting,Discovery,NA,context/supporting record; not used for Core quantitative claims unless explicitly coded
CP138,AutoSecAgent: a semi-automated AI-driven penetration testing framework through recursive memory and real-time RAG,2026,NA,journalArticle,Zotero/FuLei518/project merged candidate,https://doi.org/10.1007/s11227-026-08439-z,Supporting,Discovery,NA,context/supporting record; not used for Core quantitative claims unless explicitly coded
CP139,LLMs as Hackers: Autonomous Linux Privilege Escalation Attacks,2026,NA,journalArticle,Zotero/FuLei518/project merged candidate,https://doi.org/10.1007/s10664-025-10758-3,Supporting,Validation,NA,context/supporting record; not used for Core quantitative claims unless explicitly coded
CP140,MCP Security Bench (MSB): Benchmarking Attacks Against Model Context Protocol in LLM Agents,2025,NA,preprint,Zotero/FuLei518/project merged candidate,https://arxiv.org/abs/2510.15994,Supporting,Benchmark/Evaluation,NA,context/supporting record; not used for Core quantitative claims unless explicitly coded
CP141,Cybersecurity AI Benchmark (CAIBench): A Meta-Benchmark for Evaluating Cybersecurity AI Agents,2025,NA,preprint,Zotero/FuLei518/project merged candidate,https://arxiv.org/abs/2510.24317,Supporting,Benchmark/Evaluation,NA,context/supporting record; not used for Core quantitative claims unless explicitly coded
CP142,Agent Security Bench (ASB): Formalizing and Benchmarking Attacks and Defenses in LLM-based Agents,2024,NA,preprint,Zotero/FuLei518/project merged candidate,https://arxiv.org/abs/2410.02644,Background,Benchmark/Evaluation,NA,context/supporting record; not used for Core quantitative claims unless explicitly coded
CP143,Detection Made Easy: Potentials of Large Language Models for Solidity Vulnerabilities,09/2024,NA,journalArticle,Zotero/FuLei518/project merged candidate,https://ui.adsabs.harvard.edu/abs/2024arXiv240910574T/abstract,Background,Candidate,NA,context/supporting record; not used for Core quantitative claims unless explicitly coded
CP144,LLM-based Vulnerability Sourcing from Unstructured Data,2024-07,NA,conferencePaper,Zotero/FuLei518/project merged candidate,https://ieeexplore.ieee.org/abstract/document/10628694,Excluded,Candidate,与本文 agentic 漏洞挖掘主线关系弱或source-limited,context/supporting record; not used for Core quantitative claims unless explicitly coded
CP145,From Generalist to Specialist: Exploring CWE-Specific Vulnerability Detection,2024-08-05,NA,preprint,Zotero/FuLei518/project merged candidate,http://arxiv.org/abs/2408.02329,Background,Candidate,NA,context/supporting record; not used for Core quantitative claims unless explicitly coded
CP146,Smart Contract Vulnerability Detection: The Role of Large Language Model (LLM),"August 6, 2024",NA,journalArticle,Zotero/FuLei518/project merged candidate,https://dl.acm.org/doi/10.1145/3687251.3687253,Background,Candidate,NA,context/supporting record; not used for Core quantitative claims unless explicitly coded
CP147,VulnHunt-GPT: a Smart Contract vulnerabilities detector based on OpenAI chatGPT,2024-04-08,NA,bookSection,Zotero/FuLei518/project merged candidate,urn:isbn:979-8-4007-0243-3,Background,Candidate,NA,context/supporting record; not used for Core quantitative claims unless explicitly coded
CP148,RealVul: Can We Detect Vulnerabilities in Web Applications with LLM?,2024-11,NA,conferencePaper,Zotero/FuLei518/project merged candidate,https://aclanthology.org/2024.emnlp-main.472/,Excluded,Candidate,与本文 agentic 漏洞挖掘主线关系弱或source-limited,context/supporting record; not used for Core quantitative claims unless explicitly coded
CP149,LLM-CloudSec: Large Language Model Empowered Automatic and Deep Vulnerability Analysis for Intelligent Clouds,2024-05,NA,conferencePaper,Zotero/FuLei518/project merged candidate,https://ieeexplore.ieee.org/abstract/document/10620804,Excluded,Candidate,与本文 agentic 漏洞挖掘主线关系弱或source-limited,context/supporting record; not used for Core quantitative claims unless explicitly coded
CP150,"Information Security, Ethics, and Integrity in LLM Agent Interaction",2025-01-01,NA,journalArticle,Zotero/FuLei518/project merged candidate,#item_1337,Background,Candidate,NA,context/supporting record; not used for Core quantitative claims unless explicitly coded
CP151,AugGPT: Leveraging ChatGPT for Text Data Augmentation,2025-06,NA,journalArticle,Zotero/FuLei518/project merged candidate,https://ieeexplore.ieee.org/abstract/document/10858342,Excluded,Candidate,与本文 agentic 漏洞挖掘主线关系弱或source-limited,context/supporting record; not used for Core quantitative claims unless explicitly coded
CP152,Improving Long-Tail Vulnerability Detection Through Data Augmentation Based on Large Language Models,2024-10,NA,conferencePaper,Zotero/FuLei518/project merged candidate,https://ieeexplore.ieee.org/abstract/document/10795073,Background,Candidate,NA,context/supporting record; not used for Core quantitative claims unless explicitly coded
CP153,Vul-RAG: Enhancing LLM-based Vulnerability Detection via Knowledge-level RAG,"二月 20, 2026",NA,journalArticle,Zotero/FuLei518/project merged candidate,https://dl.acm.org/doi/10.1145/3797277,Background,Candidate,NA,context/supporting record; not used for Core quantitative claims unless explicitly coded
CP154,"ChatGPT for Vulnerability Detection, Classification, and Repair: How Far Are We?",2023-12,NA,conferencePaper,Zotero/FuLei518/project merged candidate,https://ieeexplore.ieee.org/abstract/document/10479409,Supporting,Benchmark/Evaluation,NA,context/supporting record; not used for Core quantitative claims unless explicitly coded
CP155,"Navigating the Risks: A Survey of Security, Privacy, and Ethics Threats in LLM-Based Agents",2024/11/14,NA,journalArticle,Zotero/FuLei518/project merged candidate,https://arxiv.org/abs/2411.09523v1,Background,Candidate,NA,context/supporting record; not used for Core quantitative claims unless explicitly coded
CP156,How Far Have We Gone in Vulnerability Detection Using Large Language Models,2023/11/21,NA,preprint,Zotero/FuLei518/project merged candidate,https://arxiv.org/abs/2311.12420v3,Supporting,Benchmark/Evaluation,NA,context/supporting record; not used for Core quantitative claims unless explicitly coded
CP157,Vulnerability detection using BERT based LLM model with transparency obligation practice towards trustworthy AI,2024-12-01,NA,journalArticle,Zotero/FuLei518/project merged candidate,https://www.sciencedirect.com/science/article/pii/S2666827024000744,Background,Candidate,NA,context/supporting record; not used for Core quantitative claims unless explicitly coded
CP158,Large Language Models for Code: Security Hardening and Adversarial Testing,"十一月 21, 2023",NA,conferencePaper,Zotero/FuLei518/project merged candidate,urn:isbn:979-8-4007-0050-7,Excluded,Candidate,与本文 agentic 漏洞挖掘主线关系弱或source-limited,context/supporting record; not used for Core quantitative claims unless explicitly coded
CP159,Large Language Model-Powered Smart Contract Vulnerability Detection: New Perspectives,2023-11,NA,conferencePaper,Zotero/FuLei518/project merged candidate,https://ieeexplore.ieee.org/abstract/document/10431564,Background,Candidate,NA,context/supporting record; not used for Core quantitative claims unless explicitly coded
CP160,When Fuzzing Meets LLMs: Challenges and Opportunities,"七月 10, 2024",NA,conferencePaper,Zotero/FuLei518/project merged candidate,urn:isbn:979-8-4007-0658-5,Supporting,Discovery,NA,context/supporting record; not used for Core quantitative claims unless explicitly coded
CP161,From Vulnerability to Defense: The Role of Large Language Models in Enhancing Cybersecurity,2025/2,NA,journalArticle,Zotero/FuLei518/project merged candidate,https://www.mdpi.com/2079-3197/13/2/30,Excluded,Candidate,与本文 agentic 漏洞挖掘主线关系弱或source-limited,context/supporting record; not used for Core quantitative claims unless explicitly coded
CP162,LSAST: Enhancing Cybersecurity Through LLM-Supported Static Application Security Testing,2025,NA,conferencePaper,Zotero/FuLei518/project merged candidate,urn:isbn:978-3-031-92882-6,Background,Candidate,NA,context/supporting record; not used for Core quantitative claims unless explicitly coded
CP163,Understanding the Effectiveness of Large Language Models in Detecting Security Vulnerabilities,2025-03,NA,conferencePaper,Zotero/FuLei518/project merged candidate,https://ieeexplore.ieee.org/abstract/document/10988968,Excluded,Candidate,与本文 agentic 漏洞挖掘主线关系弱或source-limited,context/supporting record; not used for Core quantitative claims unless explicitly coded
CP164,Assessing the Effectiveness of LLMs in Android Application Vulnerability Analysis,2025,NA,conferencePaper,Zotero/FuLei518/project merged candidate,urn:isbn:978-3-031-85593-1,Excluded,Candidate,与本文 agentic 漏洞挖掘主线关系弱或source-limited,context/supporting record; not used for Core quantitative claims unless explicitly coded
CP165,A Case Study of LLM for Automated Vulnerability Repair: Assessing Impact of Reasoning and Patch Validation Feedback,"七月 10, 2024",NA,conferencePaper,Zotero/FuLei518/project merged candidate,urn:isbn:979-8-4007-0685-1,Background,Candidate,NA,context/supporting record; not used for Core quantitative claims unless explicitly coded
CP166,Enhancing Static Analysis for Practical Bug Detection: An LLM-Integrated Approach,"四月 29, 2024",NA,journalArticle,Zotero/FuLei518/project merged candidate,https://dl.acm.org/doi/10.1145/3649828,Background,Candidate,NA,context/supporting record; not used for Core quantitative claims unless explicitly coded
CP167,Nuances are the Key: Unlocking ChatGPT to Find Failure-Inducing Tests with Differential Prompting,2023-09,NA,conferencePaper,Zotero/FuLei518/project merged candidate,https://ieeexplore.ieee.org/abstract/document/10298538,Excluded,Candidate,与本文 agentic 漏洞挖掘主线关系弱或source-limited,context/supporting record; not used for Core quantitative claims unless explicitly coded
CP168,IRIS: LLM-Assisted Static Analysis for Detecting Security Vulnerabilities,2025-05-01,NA,journalArticle,Zotero/FuLei518/project merged candidate,https://proceedings.iclr.cc/paper_files/paper/2025/hash/582d4e27fa24168f3af1f4582655034b-Abstract-Conference.html,Background,Candidate,NA,context/supporting record; not used for Core quantitative claims unless explicitly coded
CP169,Enhancing Code Vulnerability Detection via Vulnerability-Preserving Data Augmentation,"六月 20, 2024",NA,conferencePaper,Zotero/FuLei518/project merged candidate,urn:isbn:979-8-4007-0616-5,Background,Candidate,NA,context/supporting record; not used for Core quantitative claims unless explicitly coded
CP170,VulDetectBench: Evaluating the Deep Capability of Vulnerability Detection with Large Language Models,2024-08-21,NA,preprint,Zotero/FuLei518/project merged candidate,http://arxiv.org/abs/2406.07595,Supporting,Benchmark/Evaluation,NA,context/supporting record; not used for Core quantitative claims unless explicitly coded
CP171,Exploration On Prompting LLM With Code-Specific Information For Vulnerability Detection,2024-07,NA,conferencePaper,Zotero/FuLei518/project merged candidate,https://ieeexplore.ieee.org/abstract/document/10664399,Background,Candidate,NA,context/supporting record; not used for Core quantitative claims unless explicitly coded
CP172,GRACE: Empowering LLM-based software vulnerability detection with graph structure and in-context learning,2024-06-01,NA,journalArticle,Zotero/FuLei518/project merged candidate,https://www.sciencedirect.com/science/article/pii/S0164121224000748,Background,Candidate,NA,context/supporting record; not used for Core quantitative claims unless explicitly coded
CP173,FELLMVP: An Ensemble LLM Framework for Classifying Smart Contract Vulnerabilities,2024-08,NA,conferencePaper,Zotero/FuLei518/project merged candidate,https://ieeexplore.ieee.org/abstract/document/10664408,Background,Candidate,NA,context/supporting record; not used for Core quantitative claims unless explicitly coded
CP174,Prompt Fuzzing for Fuzz Driver Generation,"十二月 9, 2024",NA,conferencePaper,Zotero/FuLei518/project merged candidate,urn:isbn:979-8-4007-0636-3,Supporting,Discovery,NA,context/supporting record; not used for Core quantitative claims unless explicitly coded
CP175,Combining Fine-Tuning and LLM-Based Agents for Intuitive Smart Contract Auditing with Justifications,2025-04,NA,conferencePaper,Zotero/FuLei518/project merged candidate,https://ieeexplore.ieee.org/abstract/document/11029966,Supporting,Candidate,NA,context/supporting record; not used for Core quantitative claims unless explicitly coded
CP176,Harnessing the Power of LLMs in Source Code Vulnerability Detection,2024-10,NA,conferencePaper,Zotero/FuLei518/project merged candidate,https://ieeexplore.ieee.org/abstract/document/10774025,Background,Candidate,NA,context/supporting record; not used for Core quantitative claims unless explicitly coded
CP177,Multi-Role Consensus Through LLMs Discussions for Vulnerability Detection,2024-07,NA,conferencePaper,Zotero/FuLei518/project merged candidate,https://ieeexplore.ieee.org/abstract/document/10726971,Background,Candidate,NA,context/supporting record; not used for Core quantitative claims unless explicitly coded
CP178,Evaluation of ChatGPT Model for Vulnerability Detection,2023-04-12,NA,preprint,Zotero/FuLei518/project merged candidate,http://arxiv.org/abs/2304.07232,Supporting,Benchmark/Evaluation,NA,context/supporting record; not used for Core quantitative claims unless explicitly coded
CP179,An Analysis of the Automatic Bug Fixing Performance of ChatGPT,2023-05,NA,conferencePaper,Zotero/FuLei518/project merged candidate,https://ieeexplore.ieee.org/abstract/document/10189263,Excluded,Candidate,与本文 agentic 漏洞挖掘主线关系弱或source-limited,context/supporting record; not used for Core quantitative claims unless explicitly coded
CP180,"ChatGPT Prompt Patterns for Improving Code Quality, Refactoring, Requirements Elicitation, and Software Design",2024,NA,bookSection,Zotero/FuLei518/project merged candidate,urn:isbn:978-3-031-55642-5,Excluded,Candidate,与本文 agentic 漏洞挖掘主线关系弱或source-limited,context/supporting record; not used for Core quantitative claims unless explicitly coded
CP181,Prompt-Enhanced Software Vulnerability Detection Using ChatGPT,"五月 23, 2024",NA,conferencePaper,Zotero/FuLei518/project merged candidate,urn:isbn:979-8-4007-0502-1,Background,Candidate,NA,context/supporting record; not used for Core quantitative claims unless explicitly coded
CP182,Unifying Large Language Models and Knowledge Graphs: A Roadmap,2024-07,NA,journalArticle,Zotero/FuLei518/project merged candidate,https://ieeexplore.ieee.org/abstract/document/10387715,Excluded,Candidate,与本文 agentic 漏洞挖掘主线关系弱或source-limited,context/supporting record; not used for Core quantitative claims unless explicitly coded
CP183,Software Vulnerability Detection using Large Language Models,2023-10,NA,conferencePaper,Zotero/FuLei518/project merged candidate,https://ieeexplore.ieee.org/abstract/document/10301302,Background,Candidate,NA,context/supporting record; not used for Core quantitative claims unless explicitly coded
CP184,Code Llama: Open Foundation Models for Code,2024-01-31,NA,preprint,Zotero/FuLei518/project merged candidate,http://arxiv.org/abs/2308.12950,Excluded,Candidate,与本文 agentic 漏洞挖掘主线关系弱或source-limited,context/supporting record; not used for Core quantitative claims unless explicitly coded
CP185,"Risks, Causes, and Mitigations of Widespread Deployments of Large Language Models (LLMs): A Survey",2024-09,NA,conferencePaper,Zotero/FuLei518/project merged candidate,https://ieeexplore.ieee.org/abstract/document/10863356,Background,Survey/Background,NA,context/supporting record; not used for Core quantitative claims unless explicitly coded
CP186,Finetuning Large Language Models for Vulnerability Detection,2025,NA,journalArticle,Zotero/FuLei518/project merged candidate,https://ieeexplore.ieee.org/abstract/document/10908394,Background,Candidate,NA,context/supporting record; not used for Core quantitative claims unless explicitly coded
CP187,LLM4Vuln: A Unified Evaluation Framework for Decoupling and Enhancing LLMs' Vulnerability Reasoning,2025-06-07,NA,preprint,Zotero/FuLei518/project merged candidate,http://arxiv.org/abs/2401.16185,Supporting,Benchmark/Evaluation,NA,context/supporting record; not used for Core quantitative claims unless explicitly coded
CP188,"LLMs Cannot Reliably Identify and Reason About Security Vulnerabilities (Yet?): A Comprehensive Evaluation, Framework, and Benchmarks",2024-05,NA,conferencePaper,Zotero/FuLei518/project merged candidate,https://ieeexplore.ieee.org/abstract/document/10646663,Supporting,Benchmark/Evaluation,NA,context/supporting record; not used for Core quantitative claims unless explicitly coded
CP189,How Much Data is Enough Data? Fine-Tuning Large Language Models for In-House Translation: Performance Evaluation Across Multiple Dataset Sizes,2024-09,NA,conferencePaper,Zotero/FuLei518/project merged candidate,https://aclanthology.org/2024.amta-research.20/,Supporting,Benchmark/Evaluation,NA,context/supporting record; not used for Core quantitative claims unless explicitly coded
CP190,DefectHunter: A Novel LLM-Driven Boosted-Conformer-based Code Vulnerability Detection Mechanism,2023-09-27,NA,preprint,Zotero/FuLei518/project merged candidate,http://arxiv.org/abs/2309.15324,Background,Candidate,NA,context/supporting record; not used for Core quantitative claims unless explicitly coded
CP191,A survey on large language model based autonomous agents,2024-03-22,NA,journalArticle,Zotero/FuLei518/project merged candidate,https://doi.org/10.1007/s11704-024-40231-1,Background,Candidate,NA,context/supporting record; not used for Core quantitative claims unless explicitly coded
CP192,Fuzz4All: Universal Fuzzing with Large Language Models,"四月 12, 2024",NA,conferencePaper,Zotero/FuLei518/project merged candidate,urn:isbn:979-8-4007-0217-4,Supporting,Discovery,NA,context/supporting record; not used for Core quantitative claims unless explicitly coded
CP193,Large Language Models for Cyber Security: A Systematic Literature Review,"九月 29, 2025",NA,journalArticle,Zotero/FuLei518/project merged candidate,https://dl.acm.org/doi/10.1145/3769676,Background,Survey/Background,NA,context/supporting record; not used for Core quantitative claims unless explicitly coded
CP194,Large Language Models for Test-Free Fault Localization,"二月 6, 2024",NA,conferencePaper,Zotero/FuLei518/project merged candidate,https://dl.acm.org/doi/10.1145/3597503.3623342,Background,Candidate,NA,context/supporting record; not used for Core quantitative claims unless explicitly coded
CP195,WhiteFox: White-Box Compiler Fuzzing Empowered by Large Language Models,"十月 8, 2024",NA,journalArticle,Zotero/FuLei518/project merged candidate,https://dl.acm.org/doi/10.1145/3689736,Supporting,Discovery,NA,context/supporting record; not used for Core quantitative claims unless explicitly coded
CP196,Evaluating the Impact of Conventional Code Analysis Against Large Language Models in API Vulnerability Detection,"June 5, 2024",NA,conferencePaper,Zotero/FuLei518/project merged candidate,urn:isbn:979-8-4007-1651-5,Background,Candidate,NA,context/supporting record; not used for Core quantitative claims unless explicitly coded
CP197,Multitask-Based Evaluation of Open-Source LLM on Software Vulnerability,2024-11,NA,journalArticle,Zotero/FuLei518/project merged candidate,https://ieeexplore.ieee.org/abstract/document/10706805,Supporting,Benchmark/Evaluation,NA,context/supporting record; not used for Core quantitative claims unless explicitly coded
CP198,VTT-LLM: Advancing Vulnerability-to-Tactic-and-Technique Mapping through Fine-Tuning of Large Language Model,2024/1,NA,journalArticle,Zotero/FuLei518/project merged candidate,https://www.mdpi.com/2227-7390/12/9/1286,Excluded,Candidate,与本文 agentic 漏洞挖掘主线关系弱或source-limited,context/supporting record; not used for Core quantitative claims unless explicitly coded
CP199,How Effective Are They? Exploring Large Language Model Based Fuzz Driver Generation,"September 11, 2024",NA,conferencePaper,Zotero/FuLei518/project merged candidate,urn:isbn:979-8-4007-0612-7,Supporting,Discovery,NA,context/supporting record; not used for Core quantitative claims unless explicitly coded
CP200,Evaluating Large Language Models for Line-Level Vulnerability Localization,03/2024,NA,journalArticle,Zotero/FuLei518/project merged candidate,https://ui.adsabs.harvard.edu/abs/2024arXiv240400287Z/abstract,Background,Candidate,NA,context/supporting record; not used for Core quantitative claims unless explicitly coded
CP201,A Survey of Large Language Models,2026-03-18,NA,preprint,Zotero/FuLei518/project merged candidate,http://arxiv.org/abs/2303.18223,Background,Survey/Background,NA,context/supporting record; not used for Core quantitative claims unless explicitly coded
CP202,Comparison of Static Application Security Testing Tools and Large Language Models for Repo-level Vulnerability Detection,2024-07-23,NA,preprint,Zotero/FuLei518/project merged candidate,http://arxiv.org/abs/2407.16235,Background,Candidate,NA,context/supporting record; not used for Core quantitative claims unless explicitly coded
CP203,Large Language Model for Vulnerability Detection: Emerging Results and Future Directions,2024-04-14,NA,bookSection,Zotero/FuLei518/project merged candidate,urn:isbn:979-8-4007-0500-7,Background,Survey/Background,NA,context/supporting record; not used for Core quantitative claims unless explicitly coded
CP204,VulnLLMEval: A Framework for Evaluating Large Language Models in Software Vulnerability Detection and Patching,2024-09-16,NA,preprint,Zotero/FuLei518/project merged candidate,http://arxiv.org/abs/2409.10756,Supporting,Benchmark/Evaluation,NA,context/supporting record; not used for Core quantitative claims unless explicitly coded
CP205,VulDetect: A novel technique for detecting software vulnerabilities using Language Models,2023-07,NA,conferencePaper,Zotero/FuLei518/project merged candidate,https://ieeexplore.ieee.org/abstract/document/10224924,Excluded,Candidate,与本文 agentic 漏洞挖掘主线关系弱或source-limited,context/supporting record; not used for Core quantitative claims unless explicitly coded
CP206,FuzzingBrain V2: A Multi-Agent LLM System for Automated Vulnerability Discovery and Reproduction,2026,Ze Sheng; Zhicheng Chen; Qingxiao Xu; Kewen Zhu; Jeff Huang,arXiv,arXiv preprint,https://arxiv.org/abs/2605.21779,Core,automated vulnerability discovery and reproduction; OSS-Fuzz/AIxCC,NA,Included in current unified corpus; source-limited maintainer/CVE claims do not assign E4c.
CP207,Execution-State-Aware LLM Reasoning for Automated Proof-of-Vulnerability Generation,2026,Haoyu Li; Xijia Che; Yanhao Wang; Xiaojing Liao; Luyi Xing,arXiv,arXiv preprint,https://arxiv.org/abs/2602.13574,Core,PoV generation on SEC-bench,NA,"Included in current unified corpus; benchmark ground truth is recorded as E4b, not E4c."
CP208,OSS-CRS: Liberating AIxCC Cyber Reasoning Systems for Real-World Open-Source Security,2026,Andrew Chin; Dongkwan Kim; Yu-Fu Fu; Fabian Fleischer; Youngjoon Kim; HyungSeok Han; Cen Zhang; Brian Junekyu Lee; Hanqing Zhao; Taesoo Kim,arXiv,arXiv preprint / HTML,https://arxiv.org/abs/2603.08566,Core,cyber reasoning system / OSS-Fuzz deployment,NA,Included in current unified corpus; unknown-bug claims remain source-limited and do not assign E4c.
CP209,Contextualizing Sink Knowledge for Java Vulnerability Discovery,2026,Fabian Fleischer; Cen Zhang; Joonun Jang; Jeongin Cho; Meng Xu; Taesoo Kim,arXiv,arXiv preprint,https://arxiv.org/abs/2604.01645,Core,Java vulnerability discovery with sink knowledge and fuzzing/CRS context,NA,Included in current unified corpus; source-limited zero-day claims do not assign E4c.
CP210,Cottontail: Large Language Model-Driven Concolic Execution for Highly Structured Test Input Generation,2025,Haoxin Tu; Seongmin Lee; Yuxian Li; Peng Chen; Lingxiao Jiang; Marcel B?hme,arXiv,arXiv preprint; IEEE S&P 2026 according to arXiv,https://arxiv.org/abs/2504.17542,Supporting,LLM-driven concolic execution / structured test generation,NA,Included in current unified corpus as Supporting boundary case.
CP211,"SoK: DARPA's AI Cyber Challenge (AIxCC): Competition Design, Architectures, and Lessons Learned",2026,Cen Zhang et al.,arXiv,arXiv preprint,https://arxiv.org/abs/2602.07666,Background,AIxCC competition/CRS SoK,NA,Included in current unified corpus as Related Work / Background reference.
CP212,Large language models-driven fuzzing: A systematic survey,2026,Yuxian Wan; Minhuan Huang; Xiang Li; Yuanping Nie; Wenyu Zhen,ScienceDirect,Engineering Applications of Artificial Intelligence,https://www.sciencedirect.com/science/article/pii/S0952197626014090,Background,related survey on LLM-driven fuzzing,NA,Included in current unified corpus as Related Work / Background reference.
