product_or_system,vendor,snapshot_date,model_or_version,public_capabilities,security_workflow,public_evidence_type,source_url,publication_or_update_date,access_date,manuscript_role,core_eligibility,evidence_caveat,external_traceability,update_required,notes
Codex,OpenAI,2026-06-13,"Codex product page; Codex Models page lists gpt-5.5 as the recommended current model","Repository understanding, multi-file code edits, command execution, tests, code review, background/parallel work, skills, automations, worktrees and cloud environments","General software-engineering agent workflow; can serve as execution substrate for security review when paired with security tools and governance","Official product page; official model documentation",https://openai.com/codex/,"Product page has no explicit date; Codex Models page accessed 2026-06-13",2026-06-13,Background,"Not Core; product page and model docs only","Vendor product material is not independent vulnerability-mining evidence","Official OpenAI pages; no independent reproduction implied",yes,"Local Zotero search returned no matching item. Related model page: https://developers.openai.com/codex/models."
"Codex Models",OpenAI,2026-06-13,"gpt-5.5, gpt-5.4, gpt-5.4-mini, gpt-5.3-codex-spark; gpt-5.2 and gpt-5.3-codex marked deprecated for ChatGPT sign-in","Model selection and default-model guidance for Codex coding workflows","Background model/version context for Codex-based agent workflows","Official developer documentation",https://developers.openai.com/codex/models,"No explicit page date",2026-06-13,Background,"Not Core; model documentation only","Model availability and defaults may change; not evidence of vulnerability-discovery performance","Official OpenAI documentation only",yes,"Recorded because product function and default model are time-sensitive."
"Codex Security",OpenAI,2026-06-13,"Research preview; model not specified on help page","Identify, validate, and remediate code vulnerabilities; repository-specific threat model; sandbox validation; patch suggestions; human review and PR workflow","Closed-loop repository security workflow: scan repository, discover vulnerabilities, validate in sandbox, generate patch, human review, revalidate after remediation","Official Help Center article; official developer documentation",https://help.openai.com/en/articles/20001107-codex-security,"Updated 2026-05-28 by relative page timestamp on access date",2026-06-13,"Emerging boundary case","Not Core in this manuscript version; product documentation lacks independent study artifact","Vendor research-preview documentation cannot be treated as independent reproduction or external confirmation","Official OpenAI page; findings would require separate issue/advisory/CVE/maintainer trace to strengthen claims",yes,"Local Zotero search returned no matching item; existing BibTeX key openai2026codexSecurity retained."
"Codex Security plugin",OpenAI,2026-06-13,"Installable Codex plugin; model depends on Codex configuration","Authorized repository scan, deep scan, diff scan, finding validation, attack-path analysis, Markdown/HTML reports, bounded fix-finding workflow","Plugin workflow for security scan, deep scan, security diff scan, and fix-finding within a Codex thread","Official developer documentation",https://developers.openai.com/codex/security/plugin,"No explicit page date",2026-06-13,Supporting,"Not Core; workflow documentation only","Workflow capability descriptions are not empirical evaluation results","Official OpenAI docs; outputs must be inspected per target version and evidence package",yes,"Security use cases also checked: deep scan, diff scan, and vulnerability backlog remediation pages."
"Codex Security FAQ",OpenAI,2026-06-13,"Research preview; model not specified","Structured ranked findings, proposed patches, sandbox command/test evidence, crash output or reproduction evidence when available","FAQ describes analysis pipeline, validation, patching, and output fields","Official developer FAQ",https://developers.openai.com/codex/security/faq,"No explicit page date",2026-06-13,Supporting,"Not Core; FAQ only","FAQ language should be cited as vendor documentation rather than independent benchmark evidence","Official OpenAI documentation only",yes,"Useful for evidence-object vocabulary but not counted in Core."
"Codex Security use cases",OpenAI,2026-06-13,"Codex Security plugin workflows","Deep repository scans, security diff scans, and one-finding remediation with regression evidence","Official use-case pages for authorized security workflows","Official developer use-case documentation",https://developers.openai.com/codex/use-cases/deep-security-scan,"No explicit page date",2026-06-13,Supporting,"Not Core; use-case documentation only","Starter prompts are workflow examples, not system evaluation results","Official OpenAI documentation only",yes,"Related pages checked: scan-code-changes-for-security and remediate-vulnerability-backlog."
"OpenAI Cyber Safety for Codex",OpenAI,2026-06-13,"Codex Cyber Safety page discusses GPT-5.3-Codex as high cybersecurity capability and trusted access controls","Cyber-safety routing, classifier-based monitoring, trusted access for legitimate cyber work","Safety/governance boundary for cyber-capable coding models","Official developer documentation",https://developers.openai.com/codex/concepts/cyber-safety,"No explicit page date",2026-06-13,Background,"Not Core; safety policy/documentation only","Policy material is not vulnerability-mining performance evidence","Official OpenAI documentation only",yes,"Recorded to support governance and dual-use boundary discussion."
"Codex for Open Source / Codex OSS",OpenAI,2026-06-13,"Open-source components of Codex; selective Codex Security access for eligible OSS maintainers","Open-source Codex components and issue-reporting channels; OSS program can include Codex Security access","Product ecosystem and public maintenance channel","Official developer documentation",https://developers.openai.com/codex/open-source,"No explicit page date",2026-06-13,Supporting,"Not Core; program and repository documentation only","OSS access/program material is not an evaluated vulnerability-mining system","Official OpenAI docs and linked GitHub repositories",yes,"No public vulnerability disclosure page from OpenAI was added as independent evidence in this pass."
"Claude Code",Anthropic,2026-06-13,"Product page lists Fable 5, Opus 4.8, Sonnet 4.6, and Haiku 4.5; docs describe multi-surface Claude Code","Reads codebases, edits files, runs commands, tests, creates commits/PRs, integrates with terminal, IDE, desktop, web, Slack, CI/CD, MCP, plugins and skills","General coding-agent workflow that can host security review tasks with permissions and governance","Official product page; official docs",https://claude.com/product/claude-code,"Product page has no explicit date",2026-06-13,Background,"Not Core; product documentation only","General coding capability is not independent vulnerability-mining evidence","Official Anthropic/Claude pages only",yes,"Local Zotero search returned no matching item. Docs overview: https://code.claude.com/docs/en/overview."
"Claude Code security controls",Anthropic,2026-06-13,"Claude Code security architecture; model not specified","Read-only defaults, permission prompts, sandboxed bash, write-scope restrictions, prompt-injection safeguards, network approval and cloud execution controls","Operational containment and approval model for coding-agent deployment","Official Claude Code security documentation",https://code.claude.com/docs/en/security,"No explicit page date",2026-06-13,Supporting,"Not Core; security controls documentation only","Controls describe deployment safeguards, not vulnerability-discovery outcomes","Official Anthropic documentation only",yes,"Existing BibTeX key anthropic2026claudeCodeSecurity retained."
"Claude Code automated review / GitHub Actions",Anthropic,2026-06-13,"Claude Code Action v1.0; model configurable through claude_args","PR/issue automation, @claude triggers, code-review workflows, custom prompts, plugin loading, CI/CD integration","Automated review and CI/CD integration surface for coding agents","Official Claude Code documentation",https://code.claude.com/docs/en/github-actions,"No explicit page date",2026-06-13,Supporting,"Not Core; integration documentation only","Automation examples are not empirical security-evaluation results","Official Anthropic documentation only",yes,"Recorded for productized workflow integration, not for Core statistics."
"Claude Code Security",Anthropic,2026-06-13,"Former name for Claude Security during limited research preview; public beta announcement uses Claude Security and Opus 4.7","Research-preview security scanning and targeted patch generation later folded into Claude Security public beta","Name-transition record for security product lineage","Official product announcement/blog",https://claude.com/blog/claude-security-public-beta,2026-04-30,2026-06-13,Supporting,"Not Core; vendor announcement only","Hundreds-of-organizations preview claim is vendor-reported and not an independent reproduction","Official Anthropic blog; customer statements not treated as independent confirmation",yes,"Local Zotero search returned no matching item."
"Claude Security",Anthropic,2026-06-13,"Public beta for Claude Enterprise; announcement says powered by Opus 4.7; product page says generally available models","Codebase scanning, finding validation, confidence/severity explanation, reproduction guidance, targeted patch instructions, scheduled/targeted scans, export and webhooks, human approval","Security-specialized product workflow from scan to reviewable fix","Official product page; official product announcement",https://claude.com/product/claude-security,"Product page has no explicit date; public beta announced 2026-04-30",2026-06-13,"Emerging boundary case","Not Core in this manuscript version; vendor product material only","Effectiveness and false-positive claims require independent benchmark/artifact or external confirmation before analytic use","Official Anthropic/Claude pages; partner/customer statements separated from independent confirmation",yes,"Local Zotero search returned no matching item."
"Claude Opus 4.8",Anthropic,2026-06-13,"claude-opus-4-8; announced 2026-05-28","Premium model for serious coding, AI agents, long-running work, memory across sessions and multi-tool tasks","Model capability background for Claude Code and productized agent workflows","Official model page",https://www.anthropic.com/claude/opus,2026-05-28,2026-06-13,Background,"Not Core; model page only","Model benchmark/customer claims are vendor material and not vulnerability-mining reproduction","Official Anthropic model page",yes,"Included because requested and because default/product models change quickly."
"Claude Mythos Preview / Mythos 5",Anthropic,2026-06-13,"Mythos 5 page states access unavailable as of 2026-06-12; prior Mythos Preview/Project Glasswing began 2026-04-07","Vendor-reported frontier cyber capability, restricted/vetted access, code-security analysis, dual-use safeguards and data-retention requirements","High-risk restricted-access model and product-ecosystem boundary material","Official model page; Project Glasswing announcement",https://www.anthropic.com/claude/mythos,"2026-06-09 model update; 2026-06-12 availability update",2026-06-13,"Emerging boundary case","Not Core; restricted-access model page and vendor claims only","Vendor-reported vulnerability counts and benchmark claims are not independent reproduction; no sensitive details included","Official Anthropic pages; individual vulnerability traces require separate public issue/advisory/CVE mapping",yes,"Use only for boundary and governance discussion."
"Project Glasswing",Anthropic,2026-06-13,"Claude Mythos Preview partner initiative; later Mythos 5 updates mention expansion","Vetted partners use Mythos Preview for defensive vulnerability detection, black-box testing, endpoint security and penetration testing of critical systems","Cross-industry defensive security initiative and disclosure-process discussion","Official Anthropic announcement",https://www.anthropic.com/glasswing,2026-04-07,2026-06-13,"Emerging boundary case","Not Core; initiative announcement and vendor-reported results only","Partner and vulnerability-count claims should not be treated as independent reproduction without external traceability","Official Anthropic announcement; linked partner pages may be audited separately",yes,"No exploit details recorded; only high-level workflow and governance boundary."
"Anthropic Responsible Disclosure Policy",Anthropic,2026-06-13,"Last updated 2025-02-14","Defines reporting channel, scope, safe harbor, reproduction details expected and coordination expectations","Coordinated disclosure boundary material","Official policy page",https://www.anthropic.com/responsible-disclosure-policy,2025-02-14,2026-06-13,Supporting,"Not Core; policy page only","Disclosure policy supports governance discussion but not product capability claims","Official Anthropic policy page",yes,"Recorded because disclosure workflow is relevant to evidence-boundary and external-process discussion."
"Mozilla Firefox security cooperation page",Mozilla/Anthropic,2026-06-13,NA,"No reliable official Mozilla page located in this pass","Not added as evidence; only noted as an attempted official-source check",Excluded,NA,NA,2026-06-13,Excluded,"Not Core; no official source captured","Do not cite or count without an official Mozilla source URL","No public official source recorded",yes,"Search was attempted for Mozilla/Firefox collaboration but no reliable official page was added."
